Time,Distance_m,Alt_m,Err_Fwd_m,Err_Right_m,PWM_Roll,PWM_Pitch,PWM_Throttle,PWM_Yaw
0.0,1245.64,0.0,-841.36,-918.55,1050,1950,1950,1250
0.1,1245.64,0.0,-841.36,-918.55,1050,1950,1950,1250
0.2,1245.64,0.0,-841.36,-918.55,1050,1950,1950,1250
0.3,1245.64,0.0,-841.36,-918.55,1050,1950,1950,1250
0.4,1245.64,0.0,-841.36,-918.55,1050,1950,1950,1250
0.5,1245.64,0.0,-841.36,-918.55,1050,1950,1950,1250
0.6,1245.64,0.0,-841.36,-918.55,1050,1950,1950,1250
0.7,1245.64,0.0,-841.36,-918.55,1050,1950,1950,1250
0.8,1245.64,0.0,-841.36,-918.55,1050,1950,1950,1250
0.9,1245.64,0.0,-841.36,-918.55,1050,1950,1950,1250
1.0,1245.64,0.0,-841.36,-918.55,1050,1950,1950,1250
1.1,1245.64,0.0,-841.36,-918.55,1050,1950,1950,1250
1.2,1245.64,0.0,-841.36,-918.55,1050,1950,1950,1250
1.3,1245.64,0.0,-841.36,-918.55,1050,1950,1950,1250
1.4,1245.64,0.0,-841.36,-918.55,1050,1950,1950,1250
1.5,1245.64,0.0,-841.36,-918.55,1050,1950,1950,1250
1.6,1245.64,0.0,-841.36,-918.55,1050,1950,1950,1250
1.7,1245.64,0.0,-841.36,-918.55,1050,1950,1950,1250
1.8,1245.64,0.0,-841.36,-918.55,1050,1950,1950,1250
1.9,1245.64,0.06,-841.36,-918.55,1050,1950,1950,1250
2.0,1245.64,0.06,-841.36,-918.55,1050,1950,1950,1250
2.1,1245.64,0.06,-841.36,-918.55,1050,1950,1950,1250
2.2,1245.64,0.17,-775.24,-975.0,1050,1050,1950,1250
2.3,1245.64,0.17,-775.24,-975.0,1050,1950,1950,1250
2.4,1245.49,0.67,-97.32,-1241.68,1050,1050,1950,1510
2.5,1245.49,0.67,-97.32,-1241.68,1050,1950,1950,1250
2.6,1245.49,0.67,-97.32,-1241.68,1050,1950,1950,1250
2.7,1245.04,1.76,575.81,-1103.88,1950,1050,1950,1618
2.8,1245.04,1.76,575.81,-1103.88,1050,1050,1950,1298
2.9,1244.33,3.27,1014.23,-720.91,1950,1050,1950,1677
3.0,1244.33,3.27,1014.23,-720.91,1050,1050,1950,1406
3.1,1244.33,3.27,1014.23,-720.91,1050,1050,1950,1406
3.2,1243.38,5.11,1209.78,-287.08,1950,1050,1950,1715
3.3,1243.38,5.11,1209.78,-287.08,1050,1050,1950,1494
3.4,1242.21,7.33,1242.19,-6.44,1950,1050,1950,1677
3.5,1242.21,7.33,1242.19,-6.44,1050,1050,1950,1547
3.6,1242.21,7.33,1242.19,-6.44,1050,1050,1950,1547
3.7,1240.81,9.84,1240.51,-26.89,1050,1050,1950,1533
3.8,1240.81,9.84,1240.51,-26.89,1050,1050,1950,1543
3.9,1239.23,12.48,1232.01,-133.59,1050,1050,1950,1473
4.0,1239.23,12.48,1232.01,-133.59,1050,1050,1950,1523
4.1,1239.23,12.48,1232.01,-133.59,1050,1050,1950,1523
4.2,1237.48,15.21,1225.0,-175.29,1050,1050,1950,1496
4.3,1237.48,15.21,1225.0,-175.29,1050,1050,1950,1515
4.4,1235.56,18.0,1226.1,-152.57,1950,1050,1950,1530
4.5,1235.56,18.0,1226.1,-152.57,1050,1050,1950,1519
4.6,1235.56,18.0,1226.1,-152.57,1050,1050,1950,1519
4.7,1233.46,20.84,1224.17,-151.09,1050,1050,1950,1520
4.8,1233.46,20.84,1224.17,-151.09,1050,1050,1950,1520
4.9,1231.26,23.64,1219.34,-170.91,1050,1050,1950,1506
5.0,1231.26,23.64,1219.34,-170.91,1050,1050,1950,1516
5.1,1231.26,23.64,1219.34,-170.91,1050,1050,1950,1516
5.2,1228.92,26.54,1217.2,-169.38,1050,1050,1950,1516
5.3,1228.92,26.54,1217.2,-169.38,1050,1050,1950,1516
5.4,1226.48,29.41,1217.7,-146.51,1950,1050,1950,1531
5.5,1226.48,29.41,1217.7,-146.51,1050,1050,1950,1520
5.6,1226.48,29.41,1217.7,-146.51,1050,1050,1950,1520
5.7,1223.99,32.05,1215.39,-144.85,1050,1050,1950,1521
5.8,1223.99,32.05,1215.39,-144.85,1050,1050,1950,1520
5.9,1221.45,34.64,1207.29,-185.45,1050,1050,1950,1493
6.0,1221.45,34.64,1207.29,-185.45,1050,1050,1950,1513
6.1,1221.45,34.64,1207.29,-185.45,1050,1050,1950,1513
6.2,1218.83,37.29,1204.89,-183.76,1050,1050,1950,1513
6.3,1218.83,37.29,1204.89,-183.76,1050,1050,1950,1513
6.4,1218.83,37.29,1207.92,-162.7,1950,1050,1950,1527
6.5,1218.83,37.29,1207.92,-162.7,1050,1050,1950,1517
6.6,1218.83,37.29,1207.92,-162.7,1050,1050,1950,1517
6.7,1213.46,42.35,1202.97,-159.2,1050,1050,1950,1518
6.8,1213.46,42.35,1202.97,-159.2,1050,1050,1950,1517
6.9,1213.46,42.35,1205.57,-138.18,1950,1050,1950,1531
7.0,1213.46,42.35,1205.57,-138.18,1050,1050,1950,1521
7.1,1213.46,42.35,1205.57,-138.18,1050,1050,1950,1521
7.2,1207.89,47.76,1197.82,-155.71,1050,1050,1950,1509
7.3,1207.89,47.76,1197.82,-155.71,1050,1050,1950,1518
7.4,1207.89,47.76,1194.92,-176.59,1050,1050,1950,1504
7.5,1207.89,47.76,1194.92,-176.59,1050,1050,1950,1514
7.6,1207.89,47.76,1194.92,-176.59,1050,1050,1950,1514
7.7,1202.22,53.15,1189.67,-173.26,1050,1050,1950,1515
7.8,1202.22,53.15,1189.67,-173.26,1050,1050,1950,1514
7.9,1202.22,53.15,1189.67,-173.26,1050,1050,1950,1514
8.0,1202.22,53.15,1189.67,-173.26,1050,1050,1950,1514
8.1,1202.22,53.15,1189.67,-173.26,1050,1050,1950,1514
8.2,1196.53,58.21,1184.42,-169.77,1050,1050,1950,1516
8.3,1196.53,58.21,1184.42,-169.77,1050,1050,1950,1515
8.4,1196.53,58.21,1184.42,-169.77,1050,1050,1950,1515
8.5,1196.53,58.21,1184.42,-169.77,1050,1050,1950,1515
8.6,1196.53,58.21,1184.42,-169.77,1050,1050,1950,1515
8.7,1190.77,63.17,1179.16,-165.87,1050,1050,1950,1516
8.8,1190.77,63.17,1179.16,-165.87,1050,1050,1950,1515
8.9,1190.77,63.17,1179.16,-165.87,1050,1050,1950,1515
9.0,1190.77,63.17,1179.16,-165.87,1050,1050,1950,1515
9.1,1190.77,63.17,1179.16,-165.87,1050,1050,1950,1515
9.2,1184.9,68.08,1173.83,-161.58,1050,1050,1950,1517
9.3,1184.9,68.08,1173.83,-161.58,1050,1050,1950,1516
9.4,1184.9,68.08,1173.83,-161.58,1050,1050,1950,1516
9.5,1184.9,68.08,1173.83,-161.58,1050,1050,1950,1516
9.6,1184.9,68.08,1173.83,-161.58,1050,1050,1950,1516
9.7,1179.02,72.8,1165.6,-177.44,1050,1050,1950,1504
9.8,1179.02,72.8,1165.6,-177.44,1050,1050,1950,1512
9.9,1179.02,72.8,1168.52,-157.07,1950,1050,1950,1526
10.0,1179.02,72.8,1168.52,-157.07,1050,1050,1950,1516
10.1,1179.02,72.8,1168.52,-157.07,1050,1050,1950,1516
10.2,1173.12,77.38,1163.19,-152.36,1050,1050,1950,1518
10.3,1173.12,77.38,1163.19,-152.36,1050,1050,1950,1517
10.4,1173.12,77.38,1160.35,-172.64,1050,1050,1950,1503
10.5,1173.12,77.38,1160.35,-172.64,1050,1050,1950,1513
10.6,1173.12,77.38,1160.35,-172.64,1050,1050,1950,1513
10.7,1167.18,82.29,1154.99,-168.24,1050,1050,1950,1515
10.8,1167.18,82.29,1154.99,-168.24,1050,1050,1950,1513
10.9,1167.18,82.29,1154.99,-168.24,1050,1050,1950,1513
11.0,1167.18,82.29,1154.99,-168.24,1050,1050,1950,1513
11.1,1167.18,82.29,1154.99,-168.24,1050,1050,1950,1513
11.2,1161.22,87.34,1149.58,-164.02,1050,1050,1950,1515
11.3,1161.22,87.34,1149.58,-164.02,1050,1050,1950,1514
11.4,1161.22,87.34,1149.58,-164.02,1050,1050,1950,1514
11.5,1161.22,87.34,1149.58,-164.02,1050,1050,1950,1514
11.6,1161.22,87.34,1149.58,-164.02,1050,1050,1950,1514
11.7,1155.34,92.11,1144.26,-159.62,1050,1050,1950,1516
11.8,1155.34,92.11,1144.26,-159.62,1050,1050,1950,1515
11.9,1155.34,92.11,1144.26,-159.62,1050,1050,1950,1515
12.0,1155.34,92.11,1144.26,-159.62,1050,1050,1950,1515
12.1,1155.34,92.11,1144.26,-159.62,1050,1050,1950,1515
12.2,1149.46,96.86,1138.96,-154.96,1050,1050,1950,1517
12.3,1149.46,96.86,1138.96,-154.96,1050,1050,1950,1515
12.4,1149.46,96.86,1138.96,-154.96,1050,1050,1950,1515
12.5,1149.46,96.86,1138.96,-154.96,1050,1050,1950,1515
12.6,1149.46,96.86,1138.96,-154.96,1050,1050,1950,1515
12.7,1143.62,101.59,1133.73,-150.13,1050,1050,1950,1518
12.8,1143.62,101.59,1133.73,-150.13,1050,1050,1950,1516
12.9,1143.62,101.59,1133.73,-150.13,1050,1050,1950,1516
13.0,1143.62,101.59,1133.73,-150.13,1050,1050,1950,1516
13.1,1143.62,101.59,1133.73,-150.13,1050,1050,1950,1516
13.2,1137.79,106.3,1128.49,-145.17,1050,1050,1950,1518
13.3,1137.79,106.3,1128.49,-145.17,1050,1050,1950,1517
13.4,1137.79,106.3,1128.49,-145.17,1050,1050,1950,1517
13.5,1137.79,106.3,1128.49,-145.17,1050,1050,1950,1517
13.6,1137.79,106.3,1128.49,-145.17,1050,1050,1950,1517
13.7,1131.97,110.99,1123.27,-140.12,1050,1050,1950,1519
13.8,1131.97,110.99,1123.27,-140.12,1050,1050,1950,1517
13.9,1131.97,110.99,1123.27,-140.12,1050,1050,1950,1517
14.0,1131.97,110.99,1123.27,-140.12,1050,1050,1950,1517
14.1,1131.97,110.99,1123.27,-140.12,1050,1050,1950,1517
14.2,1126.2,115.31,1118.08,-135.01,1050,1050,1950,1520
14.3,1126.2,115.31,1118.08,-135.01,1050,1050,1950,1518
14.4,1123.33,117.43,1115.49,-132.45,1050,1050,1950,1519
14.5,1123.33,117.43,1115.49,-132.45,1050,1050,1950,1518
14.7,1123.33,117.43,1115.49,-132.45,1050,1050,1950,1518
14.8,1120.45,119.53,1112.9,-129.87,1050,1050,1950,1520
14.9,1120.45,119.53,1112.9,-129.87,1050,1050,1950,1519
15.0,1117.55,121.8,1110.28,-127.26,1050,1050,1950,1520
15.1,1117.55,121.8,1110.28,-127.26,1050,1050,1950,1519
15.2,1114.64,124.12,1107.65,-124.63,1050,1050,1915,1521
15.3,1114.64,124.12,1107.65,-124.63,1050,1050,1950,1520
15.4,1114.64,124.12,1107.65,-124.63,1050,1050,1950,1520
15.5,1111.77,126.35,1105.06,-122.02,1050,1050,1871,1521
15.6,1111.77,126.35,1105.06,-122.02,1050,1050,1950,1520
15.7,1108.9,128.65,1102.45,-119.39,1050,1050,1822,1521
15.8,1108.9,128.65,1102.45,-119.39,1050,1050,1931,1520
15.9,1108.9,128.65,1102.45,-119.39,1050,1050,1926,1520
16.0,1106.03,130.91,1099.85,-116.76,1050,1050,1772,1522
16.1,1106.03,130.91,1099.85,-116.76,1050,1050,1879,1521
16.2,1103.19,133.07,1097.27,-114.15,1050,1050,1732,1522
16.3,1103.19,133.07,1097.27,-114.15,1050,1050,1834,1521
16.4,1103.19,133.07,1097.27,-114.15,1050,1050,1827,1521
16.5,1100.4,135.16,1094.73,-111.57,1050,1050,1684,1523
16.6,1100.4,135.16,1094.73,-111.57,1050,1050,1782,1522
16.7,1097.62,137.24,1092.19,-109.0,1050,1050,1638,1523
16.8,1097.62,137.24,1092.19,-109.0,1050,1050,1735,1522
16.9,1097.62,137.24,1092.19,-109.0,1050,1050,1728,1522
17.0,1094.89,139.24,1089.7,-106.47,1050,1050,1590,1523
17.1,1094.89,139.24,1089.7,-106.47,1050,1050,1682,1522
17.2,1092.22,141.12,1085.28,-122.95,1050,1050,1552,1510
17.3,1092.22,141.12,1085.28,-122.95,1050,1050,1638,1519
17.4,1092.22,141.12,1085.28,-122.95,1050,1050,1630,1519
17.5,1089.66,142.65,1082.98,-120.52,1050,1050,1521,1520
17.6,1089.66,142.65,1082.98,-120.52,1050,1050,1590,1519
17.7,1087.19,143.9,1080.74,-118.19,1050,1050,1499,1520
17.8,1087.19,143.9,1080.74,-118.19,1050,1050,1553,1519
17.9,1087.19,143.9,1080.74,-118.19,1050,1050,1544,1519
18.0,1084.77,144.91,1078.56,-115.91,1050,1050,1470,1521
18.1,1084.77,144.91,1078.56,-115.91,1050,1050,1511,1520
18.2,1082.37,145.81,1076.39,-113.66,1050,1050,1443,1521
18.3,1082.37,145.81,1076.39,-113.66,1050,1050,1479,1520
18.4,1082.37,145.81,1076.39,-113.66,1050,1050,1470,1520
18.5,1080.04,146.59,1074.27,-111.47,1050,1050,1411,1521
18.6,1080.04,146.59,1074.27,-111.47,1050,1050,1440,1520
18.7,1077.77,147.17,1072.21,-109.34,1050,1050,1393,1522
18.8,1077.77,147.17,1072.21,-109.34,1050,1050,1412,1521
18.9,1077.77,147.17,1072.21,-109.34,1050,1050,1403,1521
19.0,1075.56,147.53,1070.2,-107.26,1050,1050,1370,1522
19.1,1075.56,147.53,1070.2,-107.26,1050,1050,1379,1521
19.2,1073.4,147.65,1068.23,-105.24,1050,1050,1361,1522
19.3,1073.4,147.65,1068.23,-105.24,1050,1050,1358,1521
19.4,1073.4,147.65,1068.23,-105.24,1050,1050,1348,1521
19.5,1071.31,147.65,1066.32,-103.28,1050,1050,1339,1522
19.6,1071.31,147.65,1066.32,-103.28,1050,1050,1329,1522
19.7,1069.27,147.51,1062.53,-119.93,1050,1050,1329,1509
19.8,1069.27,147.51,1062.53,-119.93,1050,1050,1312,1518
19.9,1069.27,147.51,1062.53,-119.93,1050,1050,1303,1518
20.0,1067.3,147.25,1060.75,-118.05,1050,1050,1310,1519
20.1,1067.3,147.25,1060.75,-118.05,1050,1050,1288,1518
20.2,1065.36,146.77,1059.0,-116.21,1050,1050,1309,1519
20.3,1065.36,146.77,1059.0,-116.21,1050,1050,1276,1519
20.4,1065.36,146.77,1059.0,-116.21,1050,1050,1267,1519
20.5,1063.48,146.05,1057.3,-114.44,1050,1050,1305,1519
20.6,1063.48,146.05,1057.3,-114.44,1050,1050,1259,1519
20.7,1061.65,145.09,1055.65,-112.7,1050,1050,1313,1520
20.8,1061.65,145.09,1055.65,-112.7,1050,1050,1256,1519
20.9,1061.65,145.09,1055.65,-112.7,1050,1050,1247,1519
21.0,1059.89,143.96,1054.06,-111.02,1050,1050,1311,1520
21.1,1059.89,143.96,1054.06,-111.02,1050,1050,1246,1519
21.2,1058.19,142.68,1052.52,-109.4,1050,1050,1320,1520
21.3,1058.19,142.68,1052.52,-109.4,1050,1050,1248,1520
21.4,1058.19,142.68,1052.52,-109.4,1050,1050,1240,1520
21.5,1056.55,141.3,1051.03,-107.85,1050,1050,1321,1520
21.6,1056.55,141.3,1051.03,-107.85,1050,1050,1244,1520
21.7,1054.96,139.75,1049.59,-106.33,1050,1050,1336,1521
21.8,1054.96,139.75,1049.59,-106.33,1050,1050,1251,1520
21.9,1054.96,139.75,1049.59,-106.33,1050,1050,1243,1520
22.0,1053.42,138.13,1048.18,-104.87,1050,1050,1341,1521
22.1,1053.42,138.13,1048.18,-104.87,1050,1050,1252,1520
22.2,1051.9,136.38,1046.81,-103.42,1050,1050,1359,1521
22.3,1051.9,136.38,1046.81,-103.42,1050,1050,1264,1521
22.4,1051.9,136.38,1046.81,-103.42,1050,1050,1257,1521
22.5,1050.42,134.59,1045.45,-101.99,1050,1050,1366,1521
22.6,1050.42,134.59,1045.45,-101.99,1050,1050,1270,1521
22.7,1048.96,132.71,1044.13,-100.59,1050,1050,1385,1521
22.8,1048.96,132.71,1044.13,-100.59,1050,1050,1285,1521
22.9,1048.96,132.71,1044.13,-100.59,1050,1050,1278,1521
23.0,1047.52,130.8,1042.82,-99.2,1050,1050,1396,1522
23.1,1047.52,130.8,1042.82,-99.2,1050,1050,1294,1521
23.2,1046.09,128.81,1041.5,-97.82,1050,1050,1418,1522
23.3,1046.09,128.81,1041.5,-97.82,1050,1050,1313,1521
23.4,1046.09,128.81,1041.5,-97.82,1050,1050,1307,1521
23.5,1044.65,126.85,1040.19,-96.43,1050,1050,1429,1522
23.6,1044.65,126.85,1040.19,-96.43,1050,1050,1326,1522
23.7,1043.2,124.92,1037.05,-113.16,1050,1050,1446,1508
23.8,1043.2,124.92,1037.05,-113.16,1050,1050,1345,1518
23.9,1043.2,124.92,1037.05,-113.16,1050,1050,1340,1518
24.0,1041.75,123.06,1035.74,-111.75,1050,1050,1456,1519
24.1,1041.75,123.06,1035.74,-111.75,1050,1050,1358,1518
24.2,1040.28,121.25,1034.42,-110.32,1050,1050,1472,1519
24.3,1040.28,121.25,1034.42,-110.32,1050,1050,1377,1518
24.4,1040.28,121.25,1034.42,-110.32,1050,1050,1373,1518
24.5,1038.76,119.54,1033.04,-108.86,1050,1050,1480,1519
24.6,1038.76,119.54,1033.04,-108.86,1050,1050,1391,1518
24.7,1037.24,117.96,1031.67,-107.38,1050,1050,1490,1519
24.8,1037.24,117.96,1031.67,-107.38,1050,1050,1407,1519
24.9,1037.24,117.96,1031.67,-107.38,1050,1050,1404,1519
25.0,1035.68,116.53,1030.26,-105.88,1050,1050,1494,1520
25.1,1035.68,116.53,1030.26,-105.88,1050,1050,1418,1519
25.2,1034.07,115.16,1028.79,-104.32,1050,1050,1504,1520
25.3,1034.07,115.16,1028.79,-104.32,1050,1050,1433,1519
25.4,1034.07,115.16,1028.79,-104.32,1050,1050,1430,1519
25.5,1032.39,113.89,1027.27,-102.71,1050,1050,1510,1520
25.6,1032.39,113.89,1027.27,-102.71,1050,1050,1443,1519
25.7,1030.64,112.7,1025.68,-101.05,1050,1050,1518,1520
25.8,1030.64,112.7,1025.68,-101.05,1050,1050,1456,1520
25.9,1030.64,112.7,1025.68,-101.05,1050,1050,1454,1520
26.0,1028.86,111.65,1024.05,-99.37,1050,1050,1520,1521
26.1,1028.86,111.65,1024.05,-99.37,1050,1050,1465,1520
26.2,1027.04,110.73,1022.39,-97.63,1050,1050,1522,1521
26.3,1027.04,110.73,1022.39,-97.63,1050,1050,1474,1520
26.4,1027.04,110.73,1022.39,-97.63,1050,1050,1472,1520
26.5,1025.15,109.95,1020.66,-95.83,1050,1050,1521,1521
26.6,1025.15,109.95,1020.66,-95.83,1050,1050,1480,1521
26.7,1023.25,109.31,1018.92,-94.03,1050,1050,1520,1522
26.8,1023.25,109.31,1018.92,-94.03,1050,1050,1486,1521
26.9,1023.25,109.31,1018.92,-94.03,1050,1050,1484,1521
27.0,1021.3,108.77,1017.13,-92.18,1050,1050,1517,1522
27.1,1021.3,108.77,1017.13,-92.18,1050,1050,1488,1521
27.2,1019.32,108.35,1015.31,-90.3,1050,1050,1514,1522
27.3,1019.32,108.35,1015.31,-90.3,1050,1050,1491,1521
27.4,1019.32,108.35,1015.31,-90.3,1050,1050,1490,1521
27.5,1017.31,108.07,1013.46,-88.39,1050,1050,1507,1522
27.6,1017.31,108.07,1013.46,-88.39,1050,1050,1491,1522
27.7,1015.27,107.86,1011.58,-86.47,1050,1050,1503,1523
27.8,1015.27,107.86,1011.58,-86.47,1050,1050,1491,1522
27.9,1015.27,107.86,1011.58,-86.47,1050,1050,1489,1522
28.0,1013.22,107.72,1008.06,-102.13,1050,1050,1497,1509
28.1,1013.22,107.72,1008.06,-102.13,1050,1050,1488,1518
28.2,1011.16,107.68,1006.19,-100.15,1050,1050,1489,1519
28.3,1011.16,107.68,1006.19,-100.15,1050,1050,1486,1519
28.4,1011.16,107.68,1006.19,-100.15,1050,1050,1484,1519
28.5,1009.07,107.66,1004.29,-98.16,1050,1050,1484,1520
28.6,1009.07,107.66,1004.29,-98.16,1050,1050,1481,1519
28.7,1006.99,107.6,1002.38,-96.17,1050,1050,1483,1520
28.8,1006.99,107.6,1002.38,-96.17,1050,1050,1479,1519
28.9,1006.99,107.6,1002.38,-96.17,1050,1050,1478,1519
29.0,1004.91,107.56,1000.48,-94.19,1050,1050,1479,1520
29.1,1004.91,107.56,1000.48,-94.19,1050,1050,1475,1520
29.2,1002.83,107.5,998.58,-92.2,1050,1050,1477,1521
29.3,1002.83,107.5,998.58,-92.2,1050,1050,1473,1520
30.0,1002.83,107.5,998.58,-92.2,1050,1050,1472,1520
30.1,1000.77,107.47,996.69,-90.23,1050,1050,1472,1521
30.2,1000.77,107.47,996.69,-90.23,1050,1050,1469,1520
30.3,998.69,107.46,994.78,-88.26,1050,1050,1468,1521
30.4,998.69,107.46,994.78,-88.26,1050,1050,1466,1520
30.5,996.62,107.43,992.88,-86.28,1050,1050,1467,1522
30.6,996.62,107.43,992.88,-86.28,1050,1050,1464,1521
30.7,996.62,107.43,992.88,-86.28,1050,1050,1462,1521
30.8,994.56,107.3,990.98,-84.31,1050,1050,1469,1522
30.9,994.56,107.3,990.98,-84.31,1050,1050,1461,1521
31.0,992.51,107.18,989.09,-82.35,1050,1050,1467,1522
31.1,992.51,107.18,989.09,-82.35,1050,1050,1460,1521
31.2,992.51,107.18,989.09,-82.35,1050,1050,1459,1521
31.3,990.43,107.05,987.17,-80.37,1050,1050,1466,1523
31.4,990.43,107.05,987.17,-80.37,1050,1050,1458,1522
31.5,988.39,106.96,983.76,-95.59,1050,1050,1462,1509
31.6,988.39,106.96,983.76,-95.59,1050,1050,1456,1518
31.7,988.39,106.96,983.76,-95.59,1050,1050,1455,1518
31.8,986.36,106.88,981.9,-93.61,1050,1050,1459,1519
31.9,986.36,106.88,981.9,-93.61,1050,1050,1454,1518
32.0,984.32,106.84,980.05,-91.63,1050,1050,1455,1520
32.1,984.32,106.84,980.05,-91.63,1050,1050,1451,1519
32.2,984.32,106.84,980.05,-91.63,1050,1050,1450,1519
32.3,982.29,106.82,978.19,-89.66,1050,1050,1450,1520
32.4,982.29,106.82,978.19,-89.66,1050,1050,1448,1519
32.5,980.27,106.83,976.34,-87.7,1050,1050,1446,1520
32.6,980.27,106.83,976.34,-87.7,1050,1050,1445,1519
32.7,980.27,106.83,976.34,-87.7,1050,1050,1443,1519
32.8,978.26,106.84,974.49,-85.75,1050,1050,1441,1520
32.9,978.26,106.84,974.49,-85.75,1050,1050,1440,1520
33.0,976.24,106.89,972.64,-83.81,1050,1050,1436,1521
33.1,976.24,106.89,972.64,-83.81,1050,1050,1437,1520
33.2,976.24,106.89,972.64,-83.81,1050,1050,1436,1520
33.3,974.23,106.91,970.78,-81.86,1050,1050,1433,1521
33.4,974.23,106.91,970.78,-81.86,1050,1050,1433,1520
33.5,972.25,106.89,968.96,-79.93,1050,1050,1432,1521
33.6,972.25,106.89,968.96,-79.93,1050,1050,1430,1521
33.7,972.25,106.89,968.96,-79.93,1050,1050,1429,1521
33.8,970.29,106.7,967.15,-78.03,1050,1050,1440,1522
33.9,970.29,106.7,967.15,-78.03,1050,1050,1429,1521
34.0,968.35,106.51,965.35,-76.13,1050,1050,1440,1522
34.1,968.35,106.51,965.35,-76.13,1050,1050,1429,1521
34.2,968.35,106.51,965.35,-76.13,1050,1050,1428,1521
34.3,966.42,106.25,963.56,-74.24,1050,1050,1443,1522
34.4,966.42,106.25,963.56,-74.24,1050,1050,1429,1522
34.5,964.47,105.98,961.75,-72.35,1050,1050,1446,1523
34.6,964.47,105.98,961.75,-72.35,1050,1050,1431,1522
34.7,964.47,105.98,961.75,-72.35,1050,1050,1430,1522
34.8,962.53,105.69,959.95,-70.47,1050,1050,1447,1523
34.9,962.53,105.69,959.95,-70.47,1050,1050,1432,1522
35.0,960.6,105.45,956.8,-85.32,1050,1050,1446,1509
35.1,960.6,105.45,956.8,-85.32,1050,1050,1433,1518
35.2,960.6,105.45,956.8,-85.32,1050,1050,1432,1518
35.3,958.66,105.19,955.02,-83.41,1050,1050,1448,1520
35.4,958.66,105.19,955.02,-83.41,1050,1050,1434,1519
35.5,956.72,104.92,953.24,-81.52,1050,1050,1451,1520
35.6,956.72,104.92,953.24,-81.52,1050,1050,1436,1519
35.7,956.72,104.92,953.24,-81.52,1050,1050,1435,1519
35.8,954.78,104.69,951.46,-79.62,1050,1050,1449,1520
35.9,954.78,104.69,951.46,-79.62,1050,1050,1437,1519
36.0,952.84,104.43,949.67,-77.73,1050,1050,1452,1520
36.1,952.84,104.43,949.67,-77.73,1050,1050,1439,1520
36.2,952.84,104.43,949.67,-77.73,1050,1050,1438,1520
36.3,950.9,104.15,947.87,-75.84,1050,1050,1455,1521
36.4,950.9,104.15,947.87,-75.84,1050,1050,1440,1520
36.5,948.95,103.86,946.06,-73.94,1050,1050,1459,1521
36.6,948.95,103.86,946.06,-73.94,1050,1050,1443,1520
36.7,948.95,103.86,946.06,-73.94,1050,1050,1442,1520
36.8,947.01,103.58,944.26,-72.06,1050,1050,1460,1521
36.9,947.01,103.58,944.26,-72.06,1050,1050,1445,1521
37.0,945.07,103.28,942.47,-70.18,1050,1050,1464,1522
37.1,945.07,103.28,942.47,-70.18,1050,1050,1448,1521
37.2,945.07,103.28,942.47,-70.18,1050,1050,1448,1521
37.3,943.12,103.05,940.65,-68.29,1050,1050,1462,1522
37.4,943.12,103.05,940.65,-68.29,1050,1050,1450,1521
37.5,941.17,102.83,938.82,-66.38,1050,1050,1463,1522
37.6,941.17,102.83,938.82,-66.38,1050,1050,1452,1522
37.7,941.17,102.83,938.82,-66.38,1050,1050,1452,1522
37.8,939.21,102.6,936.99,-64.48,1050,1050,1466,1523
37.9,939.21,102.6,936.99,-64.48,1050,1050,1454,1522
38.0,937.25,102.3,933.92,-78.91,1050,1050,1473,1509
38.1,937.25,102.3,933.92,-78.91,1050,1050,1457,1518
38.2,937.25,102.3,933.92,-78.91,1050,1050,1457,1518
38.3,935.29,101.96,932.12,-76.98,1050,1050,1479,1519
38.4,935.29,101.96,932.12,-76.98,1050,1050,1461,1519
38.5,933.34,101.68,930.31,-75.07,1050,1050,1480,1520
38.6,933.34,101.68,930.31,-75.07,1050,1050,1465,1519
38.7,933.34,101.68,930.31,-75.07,1050,1050,1465,1519
38.8,931.39,101.45,928.51,-73.15,1050,1050,1479,1520
38.9,931.39,101.45,928.51,-73.15,1050,1050,1467,1519
39.0,929.44,101.23,926.71,-71.25,1050,1050,1482,1520
39.1,929.44,101.23,926.71,-71.25,1050,1050,1470,1520
39.2,929.44,101.23,926.71,-71.25,1050,1050,1470,1520
39.3,927.48,101.06,924.88,-69.33,1050,1050,1481,1521
39.4,927.48,101.06,924.88,-69.33,1050,1050,1472,1520
39.5,925.5,100.89,923.04,-67.4,1050,1050,1483,1521
39.6,925.5,100.89,923.04,-67.4,1050,1050,1474,1520
39.7,925.5,100.89,923.04,-67.4,1050,1050,1474,1520
39.8,923.51,100.75,921.19,-65.46,1050,1050,1483,1521
39.9,923.51,100.75,921.19,-65.46,1050,1050,1476,1520
40.0,921.52,100.65,919.33,-63.52,1050,1050,1482,1522
40.1,921.52,100.65,919.33,-63.52,1050,1050,1477,1521
40.2,921.52,100.65,919.33,-63.52,1050,1050,1477,1521
40.3,919.52,100.54,917.45,-61.58,1050,1050,1484,1522
40.4,919.52,100.54,917.45,-61.58,1050,1050,1478,1521
40.5,917.51,100.47,915.57,-59.64,1050,1050,1483,1522
40.6,917.51,100.47,915.57,-59.64,1050,1050,1479,1521
40.7,917.51,100.47,915.57,-59.64,1050,1050,1479,1521
40.8,915.5,100.47,913.68,-57.67,1050,1050,1479,1523
40.9,915.5,100.47,913.68,-57.67,1050,1050,1479,1522
41.0,913.5,100.49,910.69,-71.63,1050,1050,1477,1509
41.1,913.5,100.49,910.69,-71.63,1050,1050,1478,1518
41.2,913.5,100.49,910.69,-71.63,1050,1050,1478,1518
41.3,911.5,100.5,908.83,-69.63,1050,1050,1478,1519
41.4,911.5,100.5,908.83,-69.63,1050,1050,1478,1518
41.5,909.48,100.45,906.97,-67.63,1050,1050,1482,1520
41.6,909.48,100.45,906.97,-67.63,1050,1050,1479,1519
41.7,909.48,100.45,906.97,-67.63,1050,1050,1479,1519
41.8,907.48,100.34,905.1,-65.63,1050,1050,1486,1520
41.9,907.48,100.34,905.1,-65.63,1050,1050,1480,1519
42.0,905.46,100.25,903.22,-63.62,1050,1050,1486,1520
42.1,905.46,100.25,903.22,-63.62,1050,1050,1481,1520
42.2,905.46,100.25,903.22,-63.62,1050,1050,1481,1520
42.3,903.44,100.15,901.33,-61.62,1050,1050,1488,1521
42.4,903.44,100.15,901.33,-61.62,1050,1050,1483,1520
42.5,901.42,100.06,899.44,-59.61,1050,1050,1488,1521
42.6,901.42,100.06,899.44,-59.61,1050,1050,1484,1520
42.7,901.42,100.06,899.44,-59.61,1050,1050,1484,1520
42.8,899.4,100.01,897.55,-57.61,1050,1050,1488,1521
42.9,899.4,100.01,897.55,-57.61,1050,1050,1485,1521
43.0,897.38,99.97,895.66,-55.61,1050,1050,1487,1522
43.1,897.38,99.97,895.66,-55.61,1050,1050,1485,1521
43.2,897.38,99.97,895.66,-55.61,1050,1050,1485,1521
43.3,895.37,99.99,893.77,-53.62,1050,1050,1484,1522
43.4,895.37,99.99,893.77,-53.62,1050,1050,1485,1521
43.5,893.36,99.99,891.87,-51.62,1050,1050,1485,1522
43.6,893.36,99.99,891.87,-51.62,1050,1050,1485,1522
43.7,893.36,99.99,891.87,-51.62,1050,1050,1485,1522
43.8,891.34,100.04,889.96,-49.61,1050,1050,1482,1523
43.9,891.34,100.04,889.96,-49.61,1050,1050,1484,1522
44.0,889.33,100.17,888.05,-47.63,1050,1050,1476,1523
44.1,889.33,100.17,888.05,-47.63,1050,1050,1482,1522
44.2,889.33,100.17,888.05,-47.63,1050,1050,1482,1522
44.3,889.33,100.17,887.09,-63.12,1050,1050,1482,1508
44.4,889.33,100.17,887.09,-63.12,1050,1050,1482,1518
44.5,889.33,100.17,887.09,-63.12,1050,1050,1482,1518
44.6,889.33,100.17,887.09,-63.12,1050,1050,1482,1518
44.7,889.33,100.17,887.09,-63.12,1050,1050,1482,1518
44.8,883.31,100.51,881.47,-57.07,1404,1050,1460,1522
44.9,883.31,100.51,881.47,-57.07,1050,1050,1477,1519
45.0,883.31,100.51,881.47,-57.07,1050,1050,1477,1519
45.1,883.31,100.51,881.47,-57.07,1050,1050,1477,1519
45.2,879.31,100.57,877.71,-53.11,1050,1050,1473,1522
45.3,879.31,100.57,877.71,-53.11,1050,1050,1476,1520
45.4,879.31,100.57,877.71,-53.11,1050,1050,1475,1520
45.5,879.31,100.57,877.71,-53.11,1050,1050,1475,1520
45.6,879.31,100.57,877.71,-53.11,1050,1050,1475,1520
45.7,875.28,100.54,873.89,-49.26,1080,1050,1477,1522
45.8,875.28,100.54,873.89,-49.26,1050,1050,1475,1521
45.9,875.28,100.54,873.89,-49.26,1050,1050,1475,1521
46.0,875.28,100.54,873.89,-49.26,1050,1050,1475,1521
46.1,875.28,100.54,873.89,-49.26,1050,1050,1475,1521
46.2,871.23,100.4,870.05,-45.41,1138,1050,1484,1523
46.3,871.23,100.4,870.05,-45.41,1050,1050,1477,1521
46.4,871.23,100.4,870.05,-45.41,1050,1050,1477,1521
46.5,871.23,100.4,870.05,-45.41,1050,1050,1477,1521
46.6,871.23,100.4,870.05,-45.41,1050,1050,1477,1521
46.7,867.2,100.34,866.2,-41.55,1198,1050,1481,1524
46.8,867.2,100.34,865.35,-56.66,1050,1050,1478,1508
46.9,867.2,100.34,865.35,-56.66,1050,1050,1477,1518
47.0,867.2,100.34,865.35,-56.66,1050,1050,1477,1518
47.1,867.2,100.34,865.35,-56.66,1050,1050,1477,1518
47.2,863.14,100.31,861.53,-52.71,1050,1050,1479,1521
47.3,863.14,100.31,861.53,-52.71,1050,1050,1478,1519
47.4,863.14,100.31,861.53,-52.71,1050,1050,1477,1519
47.5,863.14,100.31,861.53,-52.71,1050,1050,1477,1519
47.6,863.14,100.31,861.53,-52.71,1050,1050,1477,1519
47.7,859.09,100.18,857.7,-48.79,1102,1050,1486,1521
47.8,859.09,100.18,857.7,-48.79,1050,1050,1479,1519
47.9,859.09,100.18,857.7,-48.79,1050,1050,1479,1519
48.0,859.09,100.18,857.7,-48.79,1050,1050,1479,1519
48.1,859.09,100.18,857.7,-48.79,1050,1050,1479,1519
48.2,855.06,100.08,853.88,-44.87,1160,1050,1486,1522
48.3,855.06,100.08,853.88,-44.87,1050,1050,1481,1520
48.4,855.06,100.08,853.88,-44.87,1050,1050,1481,1520
48.5,855.06,100.08,853.88,-44.87,1050,1050,1481,1520
48.6,855.06,100.08,853.88,-44.87,1050,1050,1481,1520
48.7,851.04,100.18,850.06,-40.95,1220,1050,1474,1523
48.8,851.04,100.18,850.06,-40.95,1050,1050,1479,1521
48.9,851.04,100.18,850.06,-40.95,1050,1050,1479,1521
49.0,851.04,100.18,850.06,-40.95,1050,1050,1479,1521
49.1,851.04,100.18,850.06,-40.95,1050,1050,1479,1521
49.2,847.04,100.22,846.23,-37.05,1273,1050,1476,1523
49.3,847.04,100.22,846.23,-37.05,1050,1050,1478,1522
49.4,847.04,100.22,846.23,-37.05,1050,1050,1478,1522
49.5,847.04,100.22,846.23,-37.05,1050,1050,1478,1522
49.6,847.04,100.22,846.23,-37.05,1050,1050,1478,1522
49.7,843.03,100.14,841.66,-47.91,1050,1050,1483,1510
49.8,843.03,100.14,841.66,-47.91,1050,1050,1479,1518
49.9,843.03,100.14,841.66,-47.91,1050,1050,1479,1518
50.0,843.03,100.14,841.66,-47.91,1050,1050,1479,1518
50.1,843.03,100.14,841.66,-47.91,1050,1050,1479,1518
50.2,839.01,100.11,837.85,-44.03,1166,1050,1481,1521
50.3,839.01,100.11,837.85,-44.03,1050,1050,1480,1519
50.4,839.01,100.11,837.85,-44.03,1050,1050,1480,1519
50.5,839.01,100.11,837.85,-44.03,1050,1050,1480,1519
50.6,839.01,100.11,837.85,-44.03,1050,1050,1480,1519
50.8,835.0,100.07,834.03,-40.15,1224,1050,1482,1521
50.9,835.0,100.07,834.03,-40.15,1050,1050,1480,1520
51.0,835.0,100.07,834.03,-40.15,1050,1050,1480,1520
51.1,835.0,100.07,834.03,-40.15,1050,1050,1480,1520
51.2,835.0,100.07,834.03,-40.15,1050,1050,1480,1520
51.3,830.97,100.0,830.18,-36.26,1284,1050,1485,1522
51.4,830.97,100.0,830.18,-36.26,1050,1050,1481,1520
51.5,830.97,100.0,830.18,-36.26,1050,1050,1481,1520
51.6,830.97,100.0,830.18,-36.26,1050,1050,1481,1520
51.7,830.97,100.0,830.18,-36.26,1050,1050,1481,1520
51.8,826.94,99.76,826.3,-32.42,1331,1050,1497,1523
51.9,826.94,99.76,826.3,-32.42,1050,1050,1485,1521
52.0,826.94,99.76,826.3,-32.42,1050,1050,1485,1521
52.1,826.94,99.76,826.3,-32.42,1050,1050,1485,1521
52.2,826.94,99.76,826.3,-32.42,1050,1050,1485,1521
52.3,822.88,99.44,822.39,-28.6,1385,1050,1506,1524
52.4,822.88,99.44,822.39,-28.6,1050,1050,1490,1522
52.5,822.88,99.44,822.39,-28.6,1050,1050,1490,1522
52.6,822.88,99.44,822.39,-28.6,1050,1050,1490,1522
52.7,822.88,99.44,822.39,-28.6,1050,1050,1490,1522
52.8,818.82,99.2,817.88,-39.15,1050,1050,1506,1510
52.9,818.82,99.2,817.88,-39.15,1050,1050,1494,1519
53.0,818.82,99.2,817.88,-39.15,1050,1050,1494,1519
53.1,818.82,99.2,817.88,-39.15,1050,1050,1495,1519
53.2,818.82,99.2,817.88,-39.15,1050,1050,1495,1519
53.3,814.75,99.08,813.98,-35.38,1272,1050,1503,1521
53.4,814.75,99.08,813.98,-35.38,1050,1050,1497,1519
53.5,814.75,99.08,813.98,-35.38,1050,1050,1497,1519
53.6,814.75,99.08,813.98,-35.38,1050,1050,1497,1519
53.7,814.75,99.08,813.98,-35.38,1050,1050,1497,1519
53.8,810.69,98.84,810.08,-31.58,1336,1050,1513,1522
53.9,810.69,98.84,810.08,-31.58,1050,1050,1502,1520
54.0,810.69,98.84,810.08,-31.58,1050,1050,1502,1520
54.1,810.69,98.84,810.08,-31.58,1050,1050,1502,1520
54.2,810.69,98.84,810.08,-31.58,1050,1050,1502,1520
54.3,806.59,98.84,806.11,-27.75,1399,1050,1502,1522
54.4,806.59,98.84,806.11,-27.75,1050,1050,1503,1521
54.5,806.59,98.84,806.11,-27.75,1050,1050,1503,1521
54.6,806.59,98.84,806.11,-27.75,1050,1050,1503,1521
54.7,806.59,98.84,806.11,-27.75,1050,1050,1503,1521
54.8,802.49,98.83,802.13,-24.0,1440,1050,1504,1523
54.9,802.49,98.83,802.13,-24.0,1050,1050,1504,1521
55.0,802.49,98.83,802.13,-24.0,1050,1050,1504,1521
55.1,802.49,98.83,802.13,-24.0,1050,1050,1504,1521
55.2,802.49,98.83,802.13,-24.0,1050,1050,1505,1521
55.3,798.36,98.95,798.1,-20.33,1480,1050,1497,1524
55.4,798.36,98.95,798.1,-20.33,1050,1050,1503,1522
55.5,798.36,98.95,798.1,-20.33,1050,1050,1503,1522
55.6,798.36,98.95,797.62,-34.25,1050,1050,1504,1508
55.7,798.36,98.95,797.62,-34.25,1050,1050,1504,1518
55.8,794.23,99.19,793.64,-30.63,1314,1050,1489,1520
55.9,794.23,99.19,793.64,-30.63,1050,1050,1501,1519
56.0,794.23,99.19,793.64,-30.63,1050,1050,1501,1519
56.1,794.23,99.19,793.64,-30.63,1050,1050,1501,1519
56.2,794.23,99.19,793.64,-30.63,1050,1050,1501,1519
56.3,790.05,99.45,789.59,-27.09,1351,1050,1484,1521
56.4,790.05,99.45,789.59,-27.09,1050,1050,1497,1519
56.5,790.05,99.45,789.59,-27.09,1050,1050,1498,1519
56.6,790.05,99.45,789.59,-27.09,1050,1050,1498,1519
56.7,790.05,99.45,789.59,-27.09,1050,1050,1498,1519
56.8,785.88,99.67,785.53,-23.53,1409,1050,1484,1522
56.9,785.88,99.67,785.53,-23.53,1050,1050,1495,1520
57.0,785.88,99.67,785.53,-23.53,1050,1050,1495,1520
57.1,785.88,99.67,785.53,-23.53,1050,1050,1495,1520
57.2,785.88,99.67,785.53,-23.53,1050,1050,1495,1520
57.3,781.73,99.82,781.48,-19.96,1463,1050,1485,1522
57.4,781.73,99.82,781.48,-19.96,1050,1050,1493,1521
57.5,781.73,99.82,781.48,-19.96,1050,1050,1493,1521
57.6,781.73,99.82,781.48,-19.96,1050,1050,1493,1521
57.7,781.73,99.82,781.48,-19.96,1050,1050,1493,1521
57.8,777.59,99.9,777.42,-16.45,1506,1050,1487,1523
57.9,777.59,99.9,777.42,-16.45,1050,1050,1492,1521
58.0,777.59,99.9,777.42,-16.45,1050,1050,1492,1521
58.1,777.59,99.9,777.42,-16.45,1050,1050,1492,1521
58.2,777.59,99.9,777.42,-16.45,1050,1050,1492,1521
58.3,773.47,99.98,773.36,-13.03,1538,1050,1486,1524
58.4,773.47,99.98,773.36,-13.03,1050,1050,1490,1522
58.5,773.47,99.98,773.36,-13.03,1050,1050,1490,1522
58.6,773.47,99.98,773.01,-26.52,1050,1050,1490,1508
58.7,773.47,99.98,773.01,-26.52,1050,1050,1490,1518
58.8,769.33,100.04,768.98,-23.13,1380,1050,1487,1520
58.9,769.33,100.04,768.98,-23.13,1050,1050,1490,1519
59.0,769.33,100.04,768.98,-23.13,1050,1050,1490,1519
59.1,769.33,100.04,768.98,-23.13,1050,1050,1490,1519
59.2,769.33,100.04,768.98,-23.13,1050,1050,1490,1519
59.3,765.2,100.26,764.94,-19.83,1413,1050,1475,1521
59.4,765.2,100.26,764.94,-19.83,1050,1050,1486,1519
59.5,765.2,100.26,764.94,-19.83,1050,1050,1486,1519
59.6,763.14,100.35,762.93,-18.16,1110,1050,1480,1521
59.7,763.14,100.35,762.93,-18.16,1050,1050,1485,1520
59.8,761.09,100.53,760.92,-16.51,1133,1050,1473,1521
59.9,761.09,100.53,760.92,-16.51,1050,1050,1482,1520
60.0,761.09,100.53,760.92,-16.51,1050,1050,1482,1520
60.1,759.08,100.77,758.93,-14.84,1160,1050,1466,1521
60.2,759.08,100.77,758.93,-14.84,1050,1050,1478,1520
60.3,757.05,100.96,756.94,-13.15,1191,1050,1465,1522
60.4,757.05,100.96,756.94,-13.15,1050,1050,1474,1521
60.5,757.05,100.96,756.94,-13.15,1050,1050,1474,1521
60.6,755.04,101.14,754.95,-11.44,1220,1050,1463,1522
60.7,755.04,101.14,754.95,-11.44,1050,1050,1471,1521
60.8,753.03,101.31,752.97,-9.71,1251,1050,1460,1522
60.9,753.03,101.31,752.97,-9.71,1050,1050,1468,1521
61.0,751.03,101.48,750.99,-7.96,1279,1050,1457,1523
61.1,751.03,101.48,750.99,-7.96,1050,1050,1465,1522
61.2,751.03,101.48,750.99,-7.96,1050,1050,1465,1522
61.3,749.03,101.57,749.01,-6.21,1306,1050,1458,1523
61.4,749.03,101.57,749.01,-6.21,1050,1050,1463,1522
61.5,747.05,101.53,746.84,-17.52,1050,1050,1465,1509
61.6,747.05,101.53,746.84,-17.52,1050,1050,1463,1519
61.7,747.05,101.53,746.84,-17.52,1050,1050,1462,1519
61.8,745.06,101.47,744.89,-15.76,1165,1050,1466,1520
61.9,745.06,101.47,744.89,-15.76,1050,1050,1463,1519
62.0,743.09,101.37,742.96,-14.0,1192,1050,1468,1520
62.1,743.09,101.37,742.96,-14.0,1050,1050,1463,1519
62.9,743.09,101.37,742.96,-14.0,1050,1050,1463,1519
63.0,741.11,101.23,741.01,-12.22,1222,1050,1472,1520
63.1,741.11,101.23,741.01,-12.22,1050,1050,1465,1520
63.2,739.13,101.16,739.06,-10.4,1256,1050,1469,1521
63.3,739.13,101.16,739.06,-10.4,1050,1050,1465,1520
63.4,739.13,101.16,739.06,-10.4,1050,1050,1465,1520
63.5,737.17,101.08,737.12,-8.6,1282,1050,1470,1521
63.6,737.17,101.08,737.12,-8.6,1050,1050,1466,1520
63.7,735.2,100.96,735.17,-6.79,1308,1050,1474,1522
63.8,735.2,100.96,735.17,-6.79,1050,1050,1467,1521
63.9,735.2,100.96,735.17,-6.79,1050,1050,1467,1521
64.0,733.24,100.8,733.22,-4.99,1335,1050,1478,1522
64.1,733.24,100.8,733.22,-4.99,1050,1050,1469,1521
64.2,731.27,100.64,731.26,-3.21,1357,1050,1480,1522
64.3,731.27,100.64,731.26,-3.21,1050,1050,1472,1521
64.4,731.27,100.64,731.26,-3.21,1050,1050,1471,1521
64.5,729.28,100.51,729.28,-1.45,1380,1050,1479,1523
64.6,729.28,100.51,729.28,-1.45,1050,1050,1473,1522
64.7,727.3,100.39,727.3,0.27,1399,1050,1481,1523
64.8,727.3,100.39,727.3,0.27,1054,1050,1475,1522
64.9,727.3,100.39,727.3,0.27,1054,1050,1475,1522
65.0,725.31,100.33,725.24,-10.69,1050,1050,1479,1509
65.1,725.31,100.33,725.24,-10.69,1050,1050,1475,1519
65.2,723.31,100.32,723.26,-8.97,1258,1050,1476,1520
65.3,723.31,100.32,723.26,-8.97,1050,1050,1475,1519
65.4,723.31,100.32,723.26,-8.97,1050,1050,1475,1519
65.5,721.33,100.41,721.3,-7.27,1280,1050,1470,1520
65.6,721.33,100.41,721.3,-7.27,1050,1050,1474,1519
65.7,719.36,100.53,719.34,-5.56,1308,1050,1466,1520
65.8,719.36,100.53,719.34,-5.56,1050,1050,1472,1520
65.9,719.36,100.53,719.34,-5.56,1050,1050,1472,1520
66.0,717.4,100.62,717.39,-3.85,1334,1050,1466,1521
66.1,717.4,100.62,717.39,-3.85,1050,1050,1470,1520
66.2,715.42,100.7,715.42,-2.14,1359,1050,1465,1521
66.3,715.42,100.7,715.42,-2.14,1050,1050,1469,1520
66.4,715.42,100.7,715.42,-2.14,1050,1050,1468,1520
66.5,713.44,100.73,713.44,-0.44,1382,1050,1466,1522
66.6,713.44,100.73,713.44,-0.44,1050,1050,1468,1521
66.7,711.48,100.77,711.48,1.22,1401,1050,1465,1522
66.8,711.48,100.77,711.48,1.22,1068,1050,1467,1521
66.9,711.48,100.77,711.48,1.22,1068,1050,1467,1521
67.0,709.52,100.84,709.52,2.87,1424,1050,1462,1522
67.1,709.52,100.84,709.52,2.87,1094,1050,1465,1521
67.2,707.55,100.86,707.54,4.5,1443,1050,1464,1523
67.3,707.55,100.86,707.54,4.5,1119,1050,1465,1522
67.4,707.55,100.86,707.54,4.5,1119,1050,1464,1522
67.5,705.58,100.87,705.55,6.1,1464,1050,1464,1523
67.6,705.58,100.87,705.55,6.1,1144,1050,1464,1522
67.7,703.59,100.81,703.57,-4.64,1050,1050,1468,1509
67.8,703.59,100.81,703.57,-4.64,1050,1050,1465,1518
67.9,703.59,100.81,703.57,-4.64,1050,1050,1464,1518
68.0,701.59,100.72,701.59,-3.1,1314,1050,1470,1520
68.1,701.59,100.72,701.59,-3.1,1050,1050,1465,1519
68.2,699.6,100.68,699.6,-1.57,1332,1050,1468,1520
68.3,699.6,100.68,699.6,-1.57,1050,1050,1466,1519
68.4,699.6,100.68,699.6,-1.57,1050,1050,1466,1519
68.5,697.62,100.66,697.62,-0.01,1362,1050,1467,1520
68.6,697.62,100.66,697.62,-0.01,1050,1050,1466,1519
68.7,695.64,100.66,695.64,1.55,1386,1050,1465,1521
68.8,695.64,100.66,695.64,1.55,1074,1050,1465,1520
68.9,695.64,100.66,695.64,1.55,1074,1050,1465,1520
69.0,693.66,100.63,693.65,3.11,1410,1050,1467,1521
69.1,693.66,100.63,693.65,3.11,1098,1050,1465,1520
69.2,691.68,100.64,691.67,4.66,1434,1050,1465,1521
69.3,691.68,100.64,691.67,4.66,1122,1050,1465,1520
69.4,691.68,100.64,691.67,4.66,1123,1050,1465,1520
69.5,689.69,100.66,689.66,6.22,1457,1050,1464,1522
69.6,689.69,100.66,689.66,6.22,1147,1050,1464,1521
69.7,687.7,100.69,687.65,7.72,1472,1050,1462,1522
69.8,687.7,100.69,687.65,7.72,1172,1050,1464,1521
69.9,687.7,100.69,687.65,7.72,1172,1050,1464,1521
70.0,685.69,100.72,685.63,9.2,1492,1050,1462,1522
70.1,685.69,100.72,685.63,9.2,1196,1050,1463,1521
70.2,683.68,100.73,683.59,10.65,1508,1050,1462,1523
70.3,683.68,100.73,683.59,10.65,1220,1050,1462,1522
70.4,683.68,100.73,683.59,10.65,1221,1050,1462,1522
70.5,681.64,100.78,681.53,12.04,1521,1050,1459,1523
70.6,681.64,100.78,681.53,12.04,1245,1050,1461,1522
70.7,679.58,100.8,679.58,1.52,1050,1050,1460,1509
70.8,679.58,100.8,679.58,1.52,1087,1050,1461,1518
70.9,679.58,100.8,679.58,1.52,1087,1050,1460,1518
71.0,677.51,100.77,677.51,2.84,1373,1050,1462,1519
71.1,677.51,100.77,677.51,2.84,1108,1050,1460,1519
71.2,675.44,100.72,675.42,4.17,1393,1050,1464,1520
71.3,675.44,100.72,675.42,4.17,1128,1050,1461,1519
71.4,675.44,100.72,675.42,4.17,1129,1050,1461,1519
71.5,673.35,100.64,673.33,5.53,1423,1050,1466,1520
71.6,673.35,100.64,673.33,5.53,1150,1050,1462,1519
71.7,671.29,100.55,671.25,6.89,1444,1050,1467,1520
71.8,671.29,100.55,671.25,6.89,1172,1050,1463,1520
71.9,671.29,100.55,671.25,6.89,1173,1050,1463,1520
72.0,669.23,100.47,669.18,8.27,1469,1050,1468,1521
72.1,669.23,100.47,669.18,8.27,1195,1050,1464,1520
72.2,667.16,100.35,667.09,9.61,1486,1050,1471,1521
72.3,667.16,100.35,667.09,9.61,1217,1050,1465,1520
72.4,667.16,100.35,667.09,9.61,1218,1050,1465,1520
72.5,665.09,100.29,665.0,10.95,1506,1050,1469,1521
72.6,665.09,100.29,665.0,10.95,1240,1050,1466,1521
72.7,663.02,100.29,662.9,12.24,1521,1050,1466,1522
72.8,663.02,100.29,662.9,12.24,1262,1050,1466,1521
72.9,663.02,100.29,662.9,12.24,1264,1050,1466,1521
73.0,660.92,100.33,660.78,13.53,1540,1050,1464,1522
73.1,660.92,100.33,660.78,13.53,1285,1050,1465,1521
73.2,658.82,100.33,658.65,14.75,1550,1050,1465,1522
73.3,658.82,100.33,658.65,14.75,1307,1050,1465,1521
73.4,658.82,100.33,658.65,14.75,1308,1050,1465,1521
73.5,656.68,100.33,656.49,15.94,1566,1050,1465,1522
73.6,656.68,100.33,656.49,15.94,1329,1050,1465,1522
73.7,654.54,100.25,654.51,5.66,1050,1050,1470,1509
73.8,654.54,100.25,654.51,5.66,1176,1050,1466,1518
73.9,654.54,100.25,654.51,5.66,1177,1050,1466,1518
74.0,652.37,100.14,652.34,6.79,1421,1050,1473,1519
74.1,652.37,100.14,652.34,6.79,1195,1050,1468,1518
74.2,650.22,100.05,650.18,7.92,1440,1050,1474,1519
74.3,650.22,100.05,650.18,7.92,1214,1050,1469,1518
74.4,650.22,100.05,650.18,7.92,1214,1050,1469,1518
74.5,648.07,99.93,648.01,9.08,1464,1050,1477,1519
74.6,648.07,99.93,648.01,9.08,1234,1050,1471,1519
74.7,645.92,99.81,645.83,10.25,1485,1050,1478,1520
74.8,645.92,99.81,645.83,10.25,1253,1050,1473,1519
74.9,645.92,99.81,645.83,10.25,1254,1050,1473,1519
75.0,643.76,99.75,643.66,11.4,1503,1050,1477,1520
75.1,643.76,99.75,643.66,11.4,1274,1050,1474,1519
75.2,641.6,99.71,641.48,12.53,1518,1050,1476,1520
75.3,641.6,99.71,641.48,12.53,1293,1050,1474,1520
75.4,641.6,99.71,641.48,12.53,1294,1050,1474,1520
75.5,639.43,99.75,639.29,13.63,1533,1050,1472,1521
75.6,639.43,99.75,639.29,13.63,1314,1050,1474,1520
75.7,637.25,99.83,637.08,14.72,1549,1050,1469,1521
75.8,637.25,99.83,637.08,14.72,1333,1050,1473,1520
75.9,637.25,99.83,637.08,14.72,1335,1050,1473,1520
76.0,635.07,99.93,634.88,15.78,1563,1050,1466,1521
76.1,635.07,99.93,634.88,15.78,1354,1050,1471,1520
76.2,632.89,100.02,632.66,16.78,1570,1050,1466,1521
76.3,632.89,100.02,632.66,16.78,1372,1050,1470,1521
76.4,632.89,100.02,632.66,16.78,1374,1050,1470,1521
76.5,630.71,100.07,630.46,17.74,1583,1050,1467,1521
76.6,630.71,100.07,630.46,17.74,1392,1050,1469,1521
76.7,628.52,100.05,628.24,18.66,1591,1050,1470,1522
76.8,628.52,100.05,628.24,18.66,1409,1050,1469,1521
76.9,628.52,100.05,628.24,18.66,1411,1050,1469,1521
77.0,626.31,100.01,626.01,19.52,1597,1050,1473,1522
77.1,626.31,100.01,626.01,19.52,1428,1050,1470,1521
77.2,624.1,99.9,623.77,20.32,1602,1050,1477,1522
77.3,624.1,99.9,623.77,20.32,1444,1050,1472,1522
77.4,621.88,99.82,621.52,21.07,1607,1050,1477,1522
77.5,621.88,99.82,621.52,21.07,1459,1050,1473,1522
77.6,621.88,99.82,621.52,21.07,1461,1050,1473,1522
77.7,619.63,99.73,619.54,10.94,1050,1050,1479,1508
77.8,619.63,99.73,619.54,10.94,1312,1050,1475,1518
77.9,617.4,99.62,617.29,11.59,1453,1050,1482,1518
78.0,617.4,99.62,617.29,11.59,1324,1050,1476,1518
78.1,617.4,99.62,617.29,11.59,1325,1050,1476,1518
78.2,615.17,99.52,615.04,12.24,1466,1050,1483,1519
78.3,615.17,99.52,615.04,12.24,1337,1050,1478,1518
78.4,612.93,99.48,612.8,12.91,1483,1050,1481,1519
78.5,612.93,99.48,612.8,12.91,1350,1050,1479,1518
78.6,612.93,99.48,612.8,12.91,1351,1050,1479,1518
78.7,610.7,99.51,610.55,13.61,1502,1050,1477,1519
78.8,610.7,99.51,610.55,13.61,1364,1050,1479,1519
78.9,608.47,99.63,608.3,14.3,1513,1050,1471,1519
79.0,608.47,99.63,608.3,14.3,1377,1050,1477,1519
79.1,608.47,99.63,608.3,14.3,1379,1050,1477,1519
79.2,606.25,99.83,606.06,14.98,1528,1050,1465,1519
79.3,606.25,99.83,606.06,14.98,1392,1050,1474,1519
79.4,604.02,100.06,603.82,15.65,1536,1050,1459,1520
79.5,604.02,100.06,603.82,15.65,1405,1050,1471,1519
79.6,604.02,100.06,603.82,15.65,1407,1050,1471,1519
79.7,601.79,100.23,601.56,16.31,1551,1050,1460,1520
79.8,601.79,100.23,601.56,16.31,1420,1050,1468,1519
79.9,599.55,100.32,599.31,16.94,1557,1050,1462,1520
80.0,599.55,100.32,599.31,16.94,1433,1050,1467,1519
80.1,599.55,100.32,599.31,16.94,1434,1050,1467,1519
80.2,597.32,100.35,597.07,17.53,1564,1050,1465,1520
80.3,597.32,100.35,597.07,17.53,1447,1050,1466,1520
80.4,595.09,100.37,594.81,18.09,1569,1050,1465,1520
80.5,595.09,100.37,594.81,18.09,1459,1050,1466,1520
80.6,595.09,100.37,594.81,18.09,1461,1050,1465,1520
80.7,592.86,100.39,592.57,18.62,1576,1050,1464,1520
80.8,592.86,100.39,592.57,18.62,1472,1050,1465,1520
80.9,590.63,100.39,590.32,19.1,1578,1050,1465,1520
81.0,590.63,100.39,590.32,19.1,1483,1050,1465,1520
81.1,590.63,100.39,590.32,19.1,1485,1050,1465,1520
81.2,588.41,100.39,588.08,19.55,1584,1050,1464,1521
81.3,588.41,100.39,588.08,19.55,1496,1050,1465,1520
81.4,586.19,100.39,585.85,19.95,1583,1050,1464,1521
81.5,586.19,100.39,585.85,19.95,1506,1050,1464,1520
81.6,586.19,100.39,585.85,19.95,1508,1050,1464,1520
81.7,583.96,100.42,583.61,20.31,1589,1050,1463,1521
81.8,583.96,100.42,583.61,20.31,1517,1050,1464,1520
81.9,581.72,100.36,581.36,20.64,1589,1050,1467,1521
82.0,581.72,100.36,581.36,20.64,1526,1050,1464,1521
82.1,581.72,100.36,581.36,20.64,1528,1050,1464,1521
82.2,579.49,100.26,579.11,20.93,1593,1050,1471,1521
82.3,579.49,100.26,579.11,20.93,1537,1050,1466,1521
82.4,579.49,100.26,579.11,20.93,1539,1050,1466,1521
82.5,579.49,100.26,579.11,20.93,1541,1050,1466,1521
82.6,579.49,100.26,579.11,20.93,1543,1050,1466,1521
82.7,579.49,100.26,579.11,20.93,1545,1050,1466,1521
82.8,579.49,100.26,579.11,20.93,1547,1050,1466,1521
82.9,572.77,100.13,572.36,21.57,1687,1050,1474,1521
83.0,572.77,100.13,572.36,21.57,1561,1050,1467,1521
83.1,572.77,100.13,572.36,21.57,1563,1050,1467,1521
83.2,572.77,100.13,572.36,21.57,1566,1050,1467,1521
83.3,572.77,100.13,572.36,21.57,1568,1050,1467,1521
83.4,568.3,100.31,568.18,11.9,1050,1050,1456,1507
83.5,568.3,100.31,568.18,11.9,1425,1050,1465,1517
83.6,568.3,100.31,568.18,11.9,1426,1050,1465,1517
83.7,568.3,100.31,568.18,11.9,1428,1050,1465,1517
83.8,568.3,100.31,568.18,11.9,1429,1050,1464,1517
83.9,563.8,100.6,563.67,12.15,1483,1050,1445,1517
84.0,563.8,100.6,563.67,12.15,1435,1050,1460,1517
84.1,563.8,100.6,563.67,12.15,1436,1050,1460,1517
84.2,563.8,100.6,563.37,21.98,1950,1050,1460,1531
84.3,563.8,100.6,563.37,21.98,1588,1050,1459,1521
84.4,559.34,100.81,558.89,22.33,1664,1050,1446,1522
84.5,559.34,100.81,558.89,22.33,1598,1050,1456,1521
84.6,559.34,100.81,558.89,22.33,1600,1050,1456,1521
84.7,559.34,100.81,559.2,12.57,1050,1050,1456,1507
84.8,559.34,100.81,559.2,12.57,1456,1050,1456,1517
84.9,554.93,101.06,554.92,3.18,1050,1050,1439,1504
85.0,554.93,101.06,554.92,3.18,1316,1050,1451,1513
85.1,554.93,101.06,554.92,3.18,1316,1050,1451,1513
85.2,554.93,101.06,554.92,3.18,1316,1050,1451,1513
85.3,554.93,101.06,554.92,3.18,1317,1050,1451,1513
85.4,550.56,101.34,550.4,13.17,1950,1050,1432,1528
85.6,550.56,101.34,550.4,13.17,1469,1050,1446,1517
85.7,550.56,101.34,550.4,13.17,1471,1050,1446,1517
85.8,550.56,101.34,550.4,13.17,1472,1050,1445,1517
85.9,550.56,101.34,550.4,13.17,1473,1050,1445,1517
86.0,546.28,101.66,546.11,13.78,1606,1050,1424,1518
86.1,546.28,101.66,546.11,13.78,1485,1050,1440,1518
86.2,546.28,101.66,546.11,13.78,1486,1050,1439,1518
86.3,546.28,101.66,546.26,4.24,1050,1050,1439,1504
86.4,546.28,101.66,546.26,4.24,1344,1050,1439,1514
86.5,542.0,101.88,541.98,4.76,1456,1050,1424,1514
86.6,542.0,101.88,541.98,4.76,1353,1050,1435,1514
86.7,542.0,101.88,541.98,4.76,1353,1050,1434,1514
86.8,542.0,101.88,541.98,4.76,1354,1050,1434,1514
86.9,542.0,101.88,541.98,4.76,1354,1050,1433,1514
87.0,537.79,101.89,537.59,14.69,1950,1050,1433,1528
87.1,537.79,101.89,537.59,14.69,1506,1050,1433,1518
87.2,537.79,101.89,537.59,14.69,1508,1050,1432,1518
87.3,537.79,101.89,537.59,14.69,1509,1050,1432,1518
87.4,537.79,101.89,537.59,14.69,1511,1050,1432,1518
87.5,533.59,101.69,533.56,5.96,1050,1050,1444,1505
87.6,533.59,101.69,533.56,5.96,1381,1050,1434,1514
87.7,533.59,101.69,533.56,5.96,1382,1050,1433,1514
87.8,533.59,101.69,533.58,-3.35,1050,1050,1433,1500
87.9,533.59,101.69,533.58,-3.35,1241,1050,1433,1510
88.0,529.43,101.46,529.39,6.44,1950,1050,1448,1525
88.1,529.43,101.46,529.39,6.44,1389,1050,1436,1514
88.2,529.43,101.46,529.39,6.44,1390,1050,1435,1514
88.3,529.43,101.46,529.2,15.68,1950,1050,1435,1528
88.4,529.43,101.46,529.2,15.68,1532,1050,1435,1518
88.5,525.3,101.21,525.05,16.27,1660,1050,1451,1519
88.6,525.3,101.21,525.05,16.27,1544,1050,1438,1518
88.7,525.3,101.21,525.05,16.27,1545,1050,1438,1518
88.8,525.3,101.21,525.25,7.1,1050,1050,1438,1504
88.9,525.3,101.21,525.25,7.1,1409,1050,1437,1514
89.0,521.17,100.75,521.17,-1.64,1050,1050,1467,1501
89.1,521.17,100.75,521.17,-1.64,1278,1050,1444,1511
89.2,521.17,100.75,521.17,-1.64,1278,1050,1444,1511
89.3,521.17,100.75,521.17,-1.64,1278,1050,1444,1511
89.4,521.17,100.75,521.17,-1.64,1277,1050,1444,1511
89.5,517.05,100.35,517.04,-1.25,1363,1050,1469,1511
89.6,517.05,100.35,517.04,-1.25,1283,1050,1449,1511
89.7,517.05,100.35,517.04,-1.25,1283,1050,1449,1511
89.8,514.98,100.17,514.92,8.09,1950,1050,1461,1525
89.9,514.98,100.17,514.92,8.09,1425,1050,1452,1515
90.0,512.89,99.96,512.82,8.5,1514,1050,1466,1515
90.1,512.89,99.96,512.82,8.5,1433,1050,1455,1515
90.2,512.89,99.96,512.82,8.5,1433,1050,1455,1515
90.3,510.78,99.75,510.7,8.96,1532,1050,1469,1515
90.4,510.78,99.75,510.7,8.96,1442,1050,1458,1515
90.5,508.67,99.56,508.67,0.48,1050,1050,1471,1501
90.6,508.67,99.56,508.67,0.48,1315,1050,1461,1511
90.7,508.67,99.56,508.67,0.48,1315,1050,1461,1511
90.8,506.54,99.43,506.54,0.87,1400,1050,1470,1512
90.9,506.54,99.43,506.54,0.87,1321,1050,1464,1511
91.0,504.4,99.29,504.39,1.3,1414,1050,1473,1512
91.1,504.4,99.29,504.39,1.3,1328,1050,1466,1511
91.2,504.4,99.29,504.39,1.3,1328,1050,1466,1511
91.3,502.25,99.17,502.24,1.79,1432,1050,1474,1512
91.4,502.25,99.17,502.24,1.79,1336,1050,1468,1512
91.5,500.08,99.03,500.08,2.32,1449,1050,1478,1512
91.6,500.08,99.03,500.08,2.32,1344,1050,1471,1512
91.7,497.9,98.89,497.89,2.87,1464,1050,1481,1512
91.8,497.9,98.89,497.89,2.87,1353,1050,1473,1512
91.9,497.9,98.89,497.89,2.87,1353,1050,1474,1512
92.0,495.7,98.74,495.69,3.44,1476,1050,1483,1512
92.1,495.7,98.74,495.69,3.44,1362,1050,1476,1512
92.2,495.7,98.74,495.69,3.44,1363,1050,1477,1512
92.3,493.5,98.67,493.48,4.03,1490,1050,1481,1513
92.4,493.5,98.67,493.48,4.03,1372,1050,1478,1512
92.5,491.29,98.58,491.26,4.63,1502,1050,1484,1513
92.6,491.29,98.58,491.26,4.63,1382,1050,1480,1512
92.7,489.07,98.51,489.04,5.22,1509,1050,1485,1513
92.8,489.07,98.51,489.04,5.22,1392,1050,1482,1513
92.9,489.07,98.51,489.04,5.22,1393,1050,1482,1513
93.0,486.84,98.45,486.8,5.8,1519,1050,1486,1513
93.1,486.84,98.45,486.8,5.8,1403,1050,1484,1513
93.2,484.6,98.36,484.55,6.37,1526,1050,1489,1513
93.3,484.6,98.36,484.55,6.37,1412,1050,1485,1513
93.4,484.6,98.36,484.55,6.37,1413,1050,1486,1513
93.5,482.35,98.3,482.3,6.94,1536,1050,1490,1514
93.6,482.35,98.3,482.3,6.94,1423,1050,1487,1513
93.7,480.07,98.28,480.02,7.5,1543,1050,1490,1514
93.8,480.07,98.28,480.02,7.5,1433,1050,1488,1513
93.9,480.07,98.28,480.02,7.5,1434,1050,1489,1513
94.0,477.8,98.3,477.74,8.03,1549,1050,1487,1514
94.1,477.8,98.3,477.74,8.03,1443,1050,1489,1514
94.2,475.52,98.35,475.44,8.54,1554,1050,1487,1514
94.3,475.52,98.35,475.44,8.54,1453,1050,1489,1514
94.4,475.52,98.35,475.44,8.54,1453,1050,1489,1514
94.5,473.21,98.44,473.13,9.04,1561,1050,1483,1514
94.6,473.21,98.44,473.13,9.04,1463,1050,1489,1514
94.7,470.92,98.58,470.82,9.49,1561,1050,1480,1514
94.8,470.92,98.58,470.82,9.49,1471,1050,1487,1514
94.9,470.92,98.58,470.82,9.49,1472,1050,1487,1514
95.0,468.62,98.73,468.51,9.92,1565,1050,1478,1515
95.1,468.62,98.73,468.51,9.92,1481,1050,1486,1514
95.7,466.32,98.9,466.21,10.3,1564,1050,1475,1515
95.8,466.32,98.9,466.21,10.3,1488,1050,1484,1514
95.9,466.32,98.9,466.21,10.3,1490,1050,1484,1514
96.0,464.02,99.13,463.89,10.66,1568,1050,1469,1515
96.1,464.02,99.13,463.89,10.66,1497,1050,1481,1514
96.2,461.7,99.38,461.57,10.98,1566,1050,1465,1515
96.3,461.7,99.38,461.57,10.98,1504,1050,1477,1515
96.4,461.7,99.38,461.57,10.98,1505,1050,1477,1515
96.5,459.42,99.65,459.28,11.25,1565,1050,1460,1515
96.6,459.42,99.65,459.28,11.25,1511,1050,1473,1515
96.7,457.11,99.89,456.97,11.5,1566,1050,1457,1515
96.8,457.11,99.89,456.97,11.5,1517,1050,1470,1515
96.9,457.11,99.89,456.97,11.5,1519,1050,1470,1515
97.0,454.8,100.05,454.65,11.73,1568,1050,1460,1515
97.1,454.8,100.05,454.65,11.73,1524,1050,1467,1515
97.2,452.5,100.16,452.34,11.92,1567,1050,1460,1515
97.3,452.5,100.16,452.34,11.92,1530,1050,1466,1515
97.4,452.5,100.16,452.34,11.92,1531,1050,1466,1515
97.5,450.2,100.21,450.04,12.09,1569,1050,1462,1515
97.6,450.2,100.21,450.04,12.09,1536,1050,1465,1515
97.7,447.92,100.25,447.75,12.24,1569,1050,1462,1515
97.8,447.92,100.25,447.75,12.24,1540,1050,1464,1515
97.9,447.92,100.25,447.75,12.24,1542,1050,1464,1515
98.0,445.63,100.29,445.46,12.37,1570,1050,1461,1515
98.1,445.63,100.29,445.46,12.37,1546,1050,1463,1515
98.2,443.34,100.31,443.16,12.47,1570,1050,1462,1515
98.3,443.34,100.31,443.16,12.47,1550,1050,1463,1515
98.4,443.34,100.31,443.16,12.47,1551,1050,1463,1515
98.5,441.07,100.2,440.89,12.56,1571,1050,1470,1515
98.6,441.07,100.2,440.89,12.56,1555,1050,1464,1515
98.7,438.79,100.04,438.61,12.61,1567,1050,1475,1515
98.8,438.79,100.04,438.61,12.61,1558,1050,1467,1515
98.9,438.79,100.04,438.61,12.61,1560,1050,1467,1515
99.0,436.5,99.84,436.32,12.65,1569,1050,1480,1515
99.1,436.5,99.84,436.32,12.65,1563,1050,1470,1515
99.2,434.22,99.66,434.04,12.66,1568,1050,1482,1515
99.3,434.22,99.66,434.04,12.66,1566,1050,1473,1515
99.4,434.22,99.66,434.04,12.66,1567,1050,1473,1515
99.5,431.95,99.49,431.77,12.65,1565,1050,1484,1515
99.6,431.95,99.49,431.77,12.65,1569,1050,1476,1515
99.7,429.66,99.32,429.48,12.61,1562,1050,1487,1515
99.8,429.66,99.32,429.48,12.61,1571,1050,1478,1515
99.9,429.66,99.32,429.48,12.61,1572,1050,1479,1515
100.0,427.38,99.2,427.2,12.54,1560,1050,1487,1515
100.1,427.38,99.2,427.2,12.54,1574,1050,1481,1515
100.2,425.09,99.12,424.91,12.46,1557,1050,1486,1515
100.3,425.09,99.12,424.91,12.46,1575,1050,1482,1515
100.4,425.09,99.12,424.91,12.46,1576,1050,1482,1515
100.5,422.8,99.09,422.62,12.36,1557,1050,1484,1515
100.6,422.8,99.09,422.62,12.36,1577,1050,1483,1515
100.7,420.52,99.11,420.34,12.24,1553,1050,1482,1515
100.8,420.52,99.11,420.34,12.24,1578,1050,1483,1515
100.9,420.52,99.11,420.34,12.24,1579,1050,1483,1515
101.0,418.21,99.13,418.04,12.1,1550,1050,1482,1515
101.1,418.21,99.13,418.04,12.1,1580,1050,1483,1515
101.3,415.91,99.23,415.74,11.95,1548,1050,1477,1515
101.4,415.91,99.23,415.74,11.95,1580,1050,1482,1515
101.5,415.91,99.23,415.74,11.95,1581,1050,1482,1515
101.6,413.61,99.36,413.44,11.78,1546,1050,1475,1515
101.7,413.61,99.36,413.44,11.78,1581,1050,1481,1515
101.8,411.29,99.48,411.13,11.59,1541,1050,1473,1515
101.9,411.29,99.48,411.13,11.59,1580,1050,1479,1515
102.0,411.29,99.48,411.13,11.59,1581,1050,1479,1515
102.1,408.99,99.61,408.83,11.39,1540,1050,1471,1515
102.2,408.99,99.61,408.83,11.39,1581,1050,1477,1515
102.3,406.69,99.72,406.54,11.18,1537,1050,1470,1515
102.4,406.69,99.72,406.54,11.18,1580,1050,1476,1515
102.5,406.69,99.72,406.54,11.18,1581,1050,1476,1515
102.6,404.39,99.82,404.24,10.97,1537,1050,1469,1515
102.7,404.39,99.82,404.24,10.97,1580,1050,1475,1515
102.8,402.09,99.94,401.95,10.75,1534,1050,1467,1515
102.9,402.09,99.94,401.95,10.75,1579,1050,1473,1515
103.0,402.09,99.94,401.95,10.75,1580,1050,1473,1515
103.1,399.81,100.08,399.67,10.53,1534,1050,1464,1515
103.2,399.81,100.08,399.67,10.53,1579,1050,1471,1515
103.3,397.51,100.28,397.37,10.3,1530,1050,1458,1515
103.4,397.51,100.28,397.37,10.3,1577,1050,1468,1515
103.5,397.51,100.28,397.37,10.3,1578,1050,1468,1515
103.6,395.23,100.46,395.1,10.06,1527,1050,1455,1515
103.7,395.23,100.46,395.1,10.06,1577,1050,1465,1515
103.8,392.95,100.55,392.82,9.83,1528,1050,1459,1515
103.9,392.95,100.55,392.82,9.83,1575,1050,1463,1515
104.0,392.95,100.55,392.82,9.83,1576,1050,1463,1515
104.1,390.67,100.54,390.55,9.6,1528,1050,1463,1515
104.2,390.67,100.54,390.55,9.6,1575,1050,1463,1515
104.3,388.38,100.5,388.27,9.36,1524,1050,1465,1514
104.4,388.38,100.5,388.27,9.36,1573,1050,1463,1515
104.5,388.38,100.5,388.27,9.36,1574,1050,1463,1515
104.6,386.1,100.48,385.99,9.11,1523,1050,1464,1514
104.7,386.1,100.48,385.99,9.11,1572,1050,1463,1515
104.8,383.83,100.39,383.73,8.89,1524,1050,1469,1514
104.9,383.83,100.39,383.73,8.89,1570,1050,1464,1514
105.0,383.83,100.39,383.73,8.89,1571,1050,1464,1514
105.1,381.55,100.25,381.46,8.64,1520,1050,1474,1514
105.2,381.55,100.25,381.46,8.64,1569,1050,1466,1514
105.3,379.28,100.18,379.19,8.42,1521,1050,1471,1514
105.4,379.28,100.18,379.19,8.42,1568,1050,1467,1514
105.5,379.28,100.18,379.19,8.42,1568,1050,1467,1514
105.6,377.02,100.19,376.93,8.18,1518,1050,1467,1514
105.7,377.02,100.19,376.93,8.18,1566,1050,1467,1514
105.8,374.75,100.18,374.67,7.95,1518,1050,1468,1514
105.9,374.75,100.18,374.67,7.95,1565,1050,1467,1514
106.0,374.75,100.18,374.67,7.95,1565,1050,1467,1514
106.1,372.47,100.14,372.39,7.72,1517,1050,1470,1514
106.2,372.47,100.14,372.39,7.72,1564,1050,1468,1514
106.3,370.19,100.15,370.11,7.49,1515,1050,1467,1514
106.4,370.19,100.15,370.11,7.49,1562,1050,1467,1514
106.5,370.19,100.15,370.11,7.49,1562,1050,1467,1514
106.6,367.91,100.17,367.84,7.27,1516,1050,1466,1514
106.7,367.91,100.17,367.84,7.27,1560,1050,1467,1514
106.8,365.63,100.17,365.56,7.05,1514,1050,1467,1514
106.9,365.63,100.17,365.56,7.05,1559,1050,1467,1514
107.0,365.63,100.17,365.56,7.05,1559,1050,1467,1514
107.1,363.34,100.1,363.28,6.83,1513,1050,1471,1514
107.2,363.34,100.1,363.28,6.83,1557,1050,1468,1514
107.3,361.05,100.03,360.99,6.62,1513,1050,1473,1514
107.4,361.05,100.03,360.99,6.62,1556,1050,1469,1514
107.5,361.05,100.03,360.99,6.62,1556,1050,1469,1514
107.6,358.75,99.94,358.69,6.42,1514,1050,1475,1514
107.7,358.75,99.94,358.69,6.42,1555,1050,1470,1514
107.8,356.47,99.85,356.41,6.22,1511,1050,1476,1513
107.9,356.47,99.85,356.41,6.22,1553,1050,1472,1514
108.0,356.47,99.85,356.41,6.22,1553,1050,1472,1514
108.1,354.19,99.78,354.14,6.02,1512,1050,1476,1513
108.2,354.19,99.78,354.14,6.02,1552,1050,1473,1514
108.3,351.92,99.78,351.87,5.84,1512,1050,1473,1513
108.4,351.92,99.78,351.87,5.84,1550,1050,1473,1513
108.5,349.64,99.81,349.6,5.65,1511,1050,1471,1513
108.6,349.64,99.81,349.6,5.65,1548,1050,1473,1513
108.7,349.64,99.81,349.6,5.65,1549,1050,1473,1513
108.8,347.37,99.8,347.33,5.49,1515,1050,1473,1513
108.9,347.37,99.8,347.33,5.49,1548,1050,1473,1513
109.0,345.1,99.8,345.06,5.32,1511,1050,1473,1513
109.1,345.1,99.8,345.06,5.32,1546,1050,1473,1513
109.2,345.1,99.8,345.06,5.32,1547,1050,1473,1513
109.3,342.81,99.72,342.77,5.15,1512,1050,1478,1513
109.4,342.81,99.72,342.77,5.15,1545,1050,1474,1513
109.5,340.52,99.72,340.48,5.0,1513,1050,1474,1513
109.6,340.52,99.72,340.48,5.0,1544,1050,1474,1513
109.7,340.52,99.72,340.48,5.0,1544,1050,1474,1513
109.8,338.23,99.71,338.2,4.85,1512,1050,1475,1513
109.9,338.23,99.71,338.2,4.85,1543,1050,1475,1513
110.0,335.93,99.7,335.9,4.69,1510,1050,1476,1513
110.1,335.93,99.7,335.9,4.69,1542,1050,1475,1513
110.2,335.93,99.7,335.9,4.69,1542,1050,1475,1513
110.3,333.63,99.7,333.6,4.56,1514,1050,1475,1513
110.4,333.63,99.7,333.6,4.56,1541,1050,1475,1513
110.5,331.33,99.72,331.3,4.43,1513,1050,1474,1513
110.6,331.33,99.72,331.3,4.43,1540,1050,1475,1513
110.7,331.33,99.72,331.3,4.43,1540,1050,1475,1513
110.8,329.02,99.75,328.99,4.3,1512,1050,1473,1513
110.9,329.02,99.75,328.99,4.3,1539,1050,1475,1513
111.0,326.72,99.8,326.69,4.16,1511,1050,1471,1513
111.1,326.72,99.8,326.69,4.16,1538,1050,1474,1513
111.2,326.72,99.8,326.69,4.16,1539,1050,1474,1513
111.3,324.41,99.9,324.39,4.05,1515,1050,1468,1513
111.4,324.41,99.9,324.39,4.05,1538,1050,1473,1513
111.5,322.11,100.01,322.08,3.93,1512,1050,1466,1513
111.6,322.11,100.01,322.08,3.93,1537,1050,1471,1513
111.7,322.11,100.01,322.08,3.93,1537,1050,1471,1513
111.8,319.8,100.06,319.78,3.83,1516,1050,1468,1513
111.9,319.8,100.06,319.78,3.83,1536,1050,1470,1513
112.0,317.5,100.09,317.48,3.72,1513,1050,1468,1513
112.1,317.5,100.09,317.48,3.72,1535,1050,1470,1513
112.2,317.5,100.09,317.48,3.72,1536,1050,1470,1513
112.3,315.19,100.07,315.17,3.62,1515,1050,1471,1513
112.4,315.19,100.07,315.17,3.62,1535,1050,1470,1513
112.5,312.89,100.02,312.87,3.52,1514,1050,1473,1513
112.6,312.89,100.02,312.87,3.52,1534,1050,1471,1513
112.7,312.89,100.02,312.87,3.52,1535,1050,1471,1513
112.8,310.6,100.01,310.58,3.44,1516,1050,1472,1513
112.9,310.6,100.01,310.58,3.44,1534,1050,1471,1513
113.0,308.3,99.97,308.29,3.35,1516,1050,1473,1513
113.1,308.3,99.97,308.29,3.35,1533,1050,1471,1513
113.2,308.3,99.97,308.29,3.35,1534,1050,1471,1513
113.3,306.02,99.91,306.0,3.28,1518,1050,1475,1513
113.4,306.02,99.91,306.0,3.28,1533,1050,1472,1513
113.5,303.71,99.81,303.69,3.2,1517,1050,1479,1513
113.6,303.71,99.81,303.69,3.2,1533,1050,1474,1513
113.7,303.71,99.81,303.69,3.2,1533,1050,1474,1513
113.8,301.4,99.69,301.39,3.14,1519,1050,1482,1513
113.9,301.4,99.69,301.39,3.14,1533,1050,1476,1513
114.0,299.11,99.64,299.1,3.07,1519,1050,1479,1513
114.1,299.11,99.64,299.1,3.07,1532,1050,1477,1513
114.2,299.11,99.64,299.1,3.07,1533,1050,1477,1513
114.3,296.83,99.64,296.81,3.02,1522,1050,1477,1513
114.4,296.83,99.64,296.81,3.02,1533,1050,1477,1513
114.5,294.54,99.59,294.52,2.97,1522,1050,1480,1512
114.6,294.54,99.59,294.52,2.97,1532,1050,1478,1513
114.7,294.54,99.59,294.52,2.97,1533,1050,1478,1513
114.8,292.24,99.53,292.22,2.92,1521,1050,1482,1512
114.9,292.24,99.53,292.22,2.92,1532,1050,1479,1513
115.0,289.97,99.56,289.96,2.87,1522,1050,1477,1512
115.1,289.97,99.56,289.96,2.87,1532,1050,1479,1513
115.2,289.97,99.56,289.96,2.87,1533,1050,1479,1513
115.3,287.7,99.61,287.68,2.83,1525,1050,1476,1512
115.4,287.7,99.61,287.68,2.83,1533,1050,1478,1512
115.5,285.42,99.67,285.41,2.79,1524,1050,1475,1512
115.6,285.42,99.67,285.41,2.79,1532,1050,1478,1512
115.7,285.42,99.67,285.41,2.79,1533,1050,1478,1512
115.8,283.11,99.75,283.09,2.75,1524,1050,1472,1512
115.9,283.11,99.75,283.09,2.75,1533,1050,1477,1512
116.0,280.81,99.85,280.8,2.7,1524,1050,1470,1512
116.1,280.81,99.85,280.8,2.7,1533,1050,1475,1512
116.2,280.81,99.85,280.8,2.7,1533,1050,1475,1512
116.3,278.51,99.95,278.5,2.66,1524,1050,1469,1512
116.4,278.51,99.95,278.5,2.66,1533,1050,1474,1512
116.5,276.21,100.01,276.19,2.62,1524,1050,1470,1512
116.6,276.21,100.01,276.19,2.62,1533,1050,1473,1512
116.7,276.21,100.01,276.19,2.62,1533,1050,1473,1512
116.8,273.91,100.13,273.9,2.58,1524,1050,1465,1512
116.9,273.91,100.13,273.9,2.58,1533,1050,1471,1512
117.0,271.62,100.2,271.6,2.54,1524,1050,1466,1512
117.1,271.62,100.2,271.6,2.54,1533,1050,1470,1512
117.2,271.62,100.2,271.6,2.54,1533,1050,1470,1512
117.3,269.32,100.21,269.31,2.5,1524,1050,1469,1512
117.4,269.32,100.21,269.31,2.5,1533,1050,1470,1512
117.5,267.02,100.2,267.01,2.46,1526,1050,1470,1512
117.6,267.02,100.2,267.01,2.46,1533,1050,1470,1512
117.7,267.02,100.2,267.01,2.46,1533,1050,1470,1512
117.8,264.71,100.17,264.7,2.43,1526,1050,1472,1512
117.9,264.71,100.17,264.7,2.43,1533,1050,1470,1512
118.0,262.4,100.1,262.39,2.39,1524,1050,1474,1512
118.1,262.4,100.1,262.39,2.39,1533,1050,1471,1512
118.2,262.4,100.1,262.39,2.39,1533,1050,1471,1512
118.3,260.1,100.05,260.09,2.36,1527,1050,1475,1512
118.4,260.1,100.05,260.09,2.36,1533,1050,1472,1512
118.5,257.81,99.93,257.8,2.32,1525,1050,1480,1512
118.6,257.81,99.93,257.8,2.32,1533,1050,1474,1512
118.7,257.81,99.93,257.8,2.32,1533,1050,1474,1512
118.8,255.52,99.9,255.51,2.28,1525,1050,1476,1512
118.9,255.52,99.9,255.51,2.28,1533,1050,1474,1512
119.0,253.24,99.96,253.23,2.24,1525,1050,1470,1512
119.1,253.24,99.96,253.23,2.24,1533,1050,1473,1512
119.2,253.24,99.96,253.23,2.24,1533,1050,1473,1512
119.3,250.96,99.99,250.95,2.2,1525,1050,1471,1512
119.4,250.96,99.99,250.95,2.2,1533,1050,1473,1512
119.5,248.68,100.02,248.67,2.16,1525,1050,1471,1512
119.6,248.68,100.02,248.67,2.16,1533,1050,1472,1512
119.7,248.68,100.02,248.67,2.16,1533,1050,1472,1512
119.8,246.39,100.08,246.38,2.12,1524,1050,1469,1512
119.9,246.39,100.08,246.38,2.12,1533,1050,1471,1512
120.0,244.09,100.17,244.08,2.08,1526,1050,1466,1512
120.1,244.09,100.17,244.08,2.08,1533,1050,1470,1512
120.2,244.09,100.17,244.08,2.08,1533,1050,1470,1512
120.3,244.09,100.17,244.08,2.08,1533,1050,1470,1512
120.4,244.09,100.17,244.08,2.08,1533,1050,1470,1512
120.5,239.51,100.44,239.51,2.0,1516,1050,1452,1512
120.6,239.51,100.44,239.51,2.0,1533,1050,1466,1512
120.7,239.51,100.44,239.51,2.0,1533,1050,1466,1512
120.8,239.51,100.44,239.51,2.0,1533,1050,1465,1512
120.9,239.51,100.44,239.51,2.0,1533,1050,1465,1512
121.0,234.96,100.83,234.96,1.93,1517,1050,1440,1512
121.1,234.96,100.83,234.96,1.93,1532,1050,1459,1512
121.2,234.96,100.83,234.96,1.93,1533,1050,1459,1512
121.3,234.96,100.83,234.96,1.93,1533,1050,1459,1512
121.4,234.96,100.83,234.96,1.93,1533,1050,1459,1512
121.5,230.43,101.26,230.42,1.85,1517,1050,1430,1512
121.6,230.43,101.26,230.42,1.85,1532,1050,1452,1512
121.7,230.43,101.26,230.42,1.85,1532,1050,1451,1512
121.8,230.43,101.26,230.42,1.85,1533,1050,1451,1512
121.9,230.43,101.26,230.42,1.85,1533,1050,1451,1512
122.0,225.89,101.53,225.89,1.77,1514,1050,1433,1512
122.1,225.89,101.53,225.89,1.77,1532,1050,1446,1512
122.2,225.89,101.53,225.89,1.77,1532,1050,1446,1512
122.3,225.89,101.53,225.89,1.77,1532,1050,1446,1512
122.4,225.89,101.53,225.89,1.77,1532,1050,1445,1512
122.5,221.4,101.72,221.39,1.68,1515,1050,1433,1512
122.6,221.4,101.72,221.39,1.68,1532,1050,1442,1512
122.7,221.4,101.72,221.39,1.68,1532,1050,1441,1512
122.8,221.4,101.72,221.39,1.68,1532,1050,1441,1512
122.9,221.4,101.72,221.39,1.68,1532,1050,1441,1512
123.0,216.94,101.77,216.93,1.6,1514,1050,1437,1512
123.1,216.94,101.77,216.93,1.6,1531,1050,1439,1512
123.2,216.94,101.77,216.93,1.6,1531,1050,1439,1512
123.3,216.94,101.77,216.93,1.6,1531,1050,1439,1512
123.4,216.94,101.77,216.93,1.6,1532,1050,1438,1512
123.5,212.54,101.77,212.54,1.52,1515,1050,1438,1512
123.6,212.54,101.77,212.54,1.52,1531,1050,1438,1512
123.7,212.54,101.77,212.54,1.52,1531,1050,1437,1512
123.8,212.54,101.77,212.54,1.52,1531,1050,1437,1512
123.9,212.54,101.77,212.54,1.52,1531,1050,1437,1512
124.0,208.14,101.58,208.14,1.43,1512,1050,1448,1512
124.1,208.14,101.58,208.14,1.43,1530,1050,1439,1512
124.2,208.14,101.58,208.14,1.43,1530,1050,1438,1512
124.3,208.14,101.58,208.14,1.43,1530,1050,1438,1512
124.4,208.14,101.58,208.14,1.43,1530,1050,1438,1512
124.5,203.75,101.22,203.75,1.34,1512,1050,1461,1512
124.6,203.75,101.22,203.75,1.34,1529,1050,1443,1512
124.7,203.75,101.22,203.75,1.34,1530,1050,1442,1512
124.8,203.75,101.22,203.75,1.34,1530,1050,1442,1512
124.9,203.75,101.22,203.75,1.34,1530,1050,1442,1512
125.0,199.35,100.66,199.35,1.27,1515,1050,1478,1512
125.1,199.35,100.66,199.35,1.27,1529,1050,1450,1512
125.2,199.35,100.66,199.35,1.27,1529,1050,1450,1512
125.3,199.35,100.66,199.35,1.27,1529,1050,1450,1512
125.4,199.35,100.66,199.35,1.27,1529,1050,1450,1512
125.5,194.94,100.08,194.93,1.2,1515,1050,1487,1512
125.6,194.94,100.08,194.93,1.2,1529,1050,1458,1512
125.7,194.94,100.08,194.93,1.2,1529,1050,1458,1512
125.8,194.94,100.08,194.93,1.2,1529,1050,1458,1512
125.9,194.94,100.08,194.93,1.2,1529,1050,1458,1512
126.0,190.5,99.57,190.5,1.13,1514,1050,1491,1512
126.1,190.5,99.57,190.5,1.13,1528,1050,1466,1512
126.2,190.5,99.57,190.5,1.13,1528,1050,1466,1512
126.3,190.5,99.57,190.5,1.13,1528,1050,1466,1512
126.4,190.5,99.57,190.5,1.13,1528,1050,1466,1512
126.5,186.04,99.26,186.04,1.07,1515,1050,1487,1512
126.6,186.04,99.26,186.04,1.07,1528,1050,1471,1512
126.7,186.04,99.26,186.04,1.07,1528,1050,1471,1512
126.8,186.04,99.26,186.04,1.07,1528,1050,1472,1512
126.9,186.04,99.26,186.04,1.07,1528,1050,1472,1512
127.0,181.57,99.03,181.57,1.01,1516,1050,1487,1512
127.1,181.57,99.03,181.57,1.01,1527,1050,1476,1512
127.2,181.57,99.03,181.57,1.01,1528,1050,1476,1512
127.3,181.57,99.03,181.57,1.01,1528,1050,1476,1512
127.4,181.57,99.03,181.57,1.01,1528,1050,1476,1512
127.5,177.06,98.82,177.06,0.96,1517,1050,1490,1512
127.6,177.06,98.82,177.06,0.96,1527,1050,1480,1512
127.7,177.06,98.82,177.06,0.96,1527,1050,1480,1512
127.8,177.06,98.82,177.06,0.96,1527,1050,1480,1512
128.6,177.06,98.82,177.06,0.96,1527,1050,1481,1512
128.7,172.51,98.71,172.51,0.92,1518,1050,1488,1512
128.8,172.51,98.71,172.51,0.92,1527,1050,1483,1512
128.9,172.51,98.71,172.51,0.92,1527,1050,1483,1512
129.0,172.51,98.71,172.51,0.92,1527,1050,1483,1512
129.1,172.51,98.71,172.51,0.92,1527,1050,1483,1512
129.2,167.93,98.78,167.93,0.86,1515,1050,1479,1512
129.3,167.93,98.78,167.93,0.86,1527,1050,1483,1512
129.4,167.93,98.78,167.93,0.86,1527,1050,1483,1512
129.5,167.93,98.78,167.93,0.86,1527,1050,1483,1512
129.6,167.93,98.78,167.93,0.86,1527,1050,1484,1512
129.7,163.37,99.07,163.37,0.81,1517,1050,1465,1512
129.8,163.37,99.07,163.37,0.81,1526,1050,1480,1512
129.9,163.37,99.07,163.37,0.81,1526,1050,1480,1512
130.0,163.37,99.07,163.37,0.81,1526,1050,1480,1512
130.1,163.37,99.07,163.37,0.81,1527,1050,1480,1512
130.2,158.8,99.52,158.8,0.76,1514,1050,1451,1512
130.3,158.8,99.52,158.8,0.76,1526,1050,1474,1512
130.4,158.8,99.52,158.8,0.76,1526,1050,1474,1512
130.5,158.8,99.52,158.8,0.76,1526,1050,1474,1512
130.6,158.8,99.52,158.8,0.76,1526,1050,1474,1512
130.7,154.22,99.86,154.22,0.71,1516,1050,1452,1512
130.8,154.22,99.86,154.22,0.71,1525,1050,1469,1512
130.9,154.22,99.86,154.22,0.71,1526,1050,1469,1512
131.0,154.22,99.86,154.22,0.71,1526,1050,1469,1512
131.1,154.22,99.86,154.22,0.71,1526,1050,1469,1512
131.2,149.62,99.84,149.62,0.66,1515,1050,1470,1512
131.3,149.62,99.84,149.62,0.66,1525,1050,1469,1512
131.4,149.62,99.84,149.62,0.66,1525,1050,1469,1512
131.5,149.62,99.84,149.62,0.66,1525,1050,1469,1512
131.6,149.62,99.84,149.62,0.66,1525,1050,1469,1512
131.7,145.05,99.75,145.05,0.62,1518,1050,1476,1512
131.8,145.05,99.75,145.05,0.62,1525,1050,1471,1512
131.9,145.05,99.75,145.05,0.62,1525,1050,1471,1512
132.0,145.05,99.75,145.05,0.62,1525,1050,1471,1512
132.1,145.05,99.75,145.05,0.62,1525,1050,1471,1512
132.2,140.5,99.85,140.5,0.59,1518,1050,1464,1512
132.3,140.5,99.85,140.5,0.59,1525,1050,1470,1512
132.4,140.5,99.85,140.5,0.59,1525,1050,1470,1512
132.5,140.5,99.85,140.5,0.59,1525,1050,1470,1512
132.6,140.5,99.85,140.5,0.59,1525,1050,1470,1512
132.7,135.96,99.97,135.96,0.56,1518,1050,1462,1512
132.8,135.96,99.97,135.96,0.56,1525,1050,1468,1512
132.9,135.96,99.97,135.96,0.56,1525,1050,1468,1512
133.0,135.96,99.97,135.96,0.56,1525,1050,1468,1512
133.1,135.96,99.97,135.96,0.56,1525,1050,1468,1512
133.2,131.41,99.96,131.41,0.54,1520,1050,1468,1512
133.3,131.41,99.96,131.41,0.54,1524,1050,1468,1512
133.4,131.41,99.96,131.41,0.54,1525,1050,1468,1512
133.5,131.41,99.96,131.41,0.54,1525,1050,1468,1512
133.6,131.41,99.96,131.41,0.54,1525,1050,1468,1512
133.7,126.86,99.91,126.86,0.51,1518,1050,1472,1512
133.8,126.86,99.91,126.86,0.51,1524,1050,1469,1512
133.9,126.86,99.91,126.86,0.51,1524,1050,1469,1512
134.0,126.86,99.91,126.86,0.51,1524,1050,1469,1512
134.1,126.86,99.91,126.86,0.51,1524,1050,1469,1512
134.2,122.31,99.84,122.31,0.5,1522,1050,1474,1512
134.4,122.31,99.84,122.31,0.5,1524,1050,1470,1512
134.5,120.04,99.89,120.04,0.49,1524,1050,1467,1512
134.6,120.04,99.89,120.04,0.49,1524,1050,1469,1512
134.7,120.04,99.89,120.04,0.49,1524,1050,1469,1512
134.8,117.78,99.96,117.77,0.49,1524,1050,1465,1512
134.9,117.78,99.96,117.77,0.49,1524,1050,1468,1512
135.0,115.51,100.03,115.51,0.48,1524,1050,1464,1512
135.1,115.51,100.03,115.51,0.48,1525,1050,1467,1512
135.2,115.51,100.03,115.51,0.48,1525,1050,1467,1512
135.3,113.24,100.19,113.24,0.48,1524,1050,1457,1512
135.4,113.24,100.19,113.24,0.48,1525,1050,1465,1512
135.5,110.98,100.37,110.98,0.47,1522,1050,1453,1512
135.6,110.98,100.37,110.98,0.47,1524,1050,1462,1512
135.7,110.98,100.37,110.98,0.47,1525,1050,1462,1512
135.8,108.74,100.48,108.74,0.47,1524,1050,1455,1512
135.9,108.74,100.48,108.74,0.47,1525,1050,1460,1512
136.0,106.5,100.49,106.5,0.47,1525,1050,1459,1512
136.1,106.5,100.49,106.5,0.47,1525,1050,1460,1512
136.2,106.5,100.49,106.5,0.47,1525,1050,1460,1512
136.3,104.26,100.47,104.25,0.47,1525,1050,1461,1512
136.4,104.26,100.47,104.25,0.47,1525,1050,1460,1512
136.5,102.02,100.45,102.02,0.45,1522,1050,1461,1512
136.6,102.02,100.45,102.02,0.45,1525,1050,1460,1512
136.7,102.02,100.45,102.02,0.45,1525,1050,1460,1512
136.8,99.78,100.36,99.77,0.45,1525,1050,1465,1512
136.9,99.78,100.36,99.77,0.45,1525,1050,1461,1512
137.0,97.53,100.27,97.53,0.44,1522,1050,1466,1512
137.1,97.53,100.27,97.53,0.44,1525,1050,1462,1512
137.2,97.53,100.27,97.53,0.44,1525,1050,1462,1512
137.3,95.27,100.17,95.27,0.44,1524,1050,1468,1512
137.4,95.27,100.17,95.27,0.44,1525,1050,1463,1512
137.5,93.01,100.08,93.01,0.42,1522,1050,1470,1512
137.6,93.01,100.08,93.01,0.42,1525,1050,1465,1512
137.7,93.01,100.08,93.01,0.42,1525,1050,1465,1512
137.8,90.75,100.01,90.74,0.42,1524,1050,1470,1512
137.9,90.75,100.01,90.74,0.42,1525,1050,1466,1512
138.0,88.49,99.97,88.49,0.41,1522,1050,1468,1512
138.1,88.49,99.97,88.49,0.41,1525,1050,1466,1512
138.2,88.49,99.97,88.49,0.41,1525,1050,1466,1512
138.3,86.23,99.92,86.23,0.39,1522,1050,1470,1512
138.4,86.23,99.92,86.23,0.39,1525,1050,1467,1512
138.5,83.96,99.86,83.96,0.38,1521,1050,1471,1512
138.6,83.96,99.86,83.96,0.38,1524,1050,1468,1512
138.7,83.96,99.86,83.96,0.38,1525,1050,1468,1512
138.8,81.7,99.81,81.7,0.37,1522,1050,1472,1512
138.9,81.7,99.81,81.7,0.37,1524,1050,1469,1512
139.0,79.46,99.79,79.46,0.35,1522,1050,1471,1512
139.1,79.46,99.79,79.46,0.35,1524,1050,1469,1512
139.2,79.46,99.79,79.46,0.35,1524,1050,1470,1512
139.3,77.18,99.75,77.18,0.35,1523,1050,1472,1512
139.4,77.18,99.75,77.18,0.35,1524,1050,1470,1512
139.5,74.91,99.75,74.91,0.34,1523,1050,1470,1512
139.6,74.91,99.75,74.91,0.34,1524,1050,1470,1512
139.7,72.63,99.77,72.63,0.34,1523,1050,1469,1512
139.8,72.63,99.77,72.63,0.34,1524,1050,1470,1512
139.9,72.63,99.77,72.63,0.34,1524,1050,1470,1512
140.0,70.36,99.77,70.36,0.32,1521,1050,1470,1512
140.1,70.36,99.77,70.36,0.32,1524,1050,1470,1512
140.2,70.36,99.77,70.36,0.32,1524,1050,1470,1512
140.3,68.09,99.8,68.09,0.32,1523,1050,1468,1512
140.4,68.09,99.8,68.09,0.32,1524,1050,1470,1512
140.5,65.82,99.77,65.82,0.3,1521,1050,1472,1512
140.6,65.82,99.77,65.82,0.3,1524,1050,1470,1512
140.7,63.54,99.75,63.54,0.3,1523,1050,1472,1512
140.8,63.54,99.75,63.54,0.3,1524,1050,1471,1512
140.9,63.54,99.75,63.54,0.3,1524,1050,1471,1512
141.0,61.27,99.74,61.27,0.28,1521,1050,1471,1512
141.1,61.27,99.74,61.27,0.28,1524,1050,1471,1512
141.2,58.97,99.74,58.97,0.27,1522,1050,1471,1512
141.3,58.97,99.74,58.97,0.27,1524,1050,1471,1512
141.4,58.97,99.74,58.97,0.27,1524,1050,1471,1512
141.5,56.66,99.74,56.66,0.25,1519,1050,1471,1512
141.6,56.66,99.74,56.66,0.25,1524,1050,1471,1512
141.7,54.38,99.72,54.38,0.23,1520,1050,1473,1512
141.8,54.38,99.72,54.38,0.23,1523,1050,1472,1512
141.9,54.38,99.72,54.38,0.23,1523,1050,1472,1512
142.0,52.09,99.72,52.09,0.23,1522,1050,1472,1512
142.1,52.09,99.72,52.09,0.23,1523,1050,1472,1512
142.2,49.79,99.72,49.79,0.21,1519,1050,1472,1512
142.3,49.79,99.72,49.79,0.21,1523,1050,1472,1512
142.4,49.79,99.72,49.79,0.21,1523,1050,1472,1512
142.5,47.49,99.72,47.49,0.2,1521,1050,1472,1512
142.6,47.49,99.72,47.49,0.2,1523,1050,1472,1512
142.7,45.18,99.71,45.18,0.19,1521,1050,1473,1512
142.8,45.18,99.71,45.18,0.19,1523,1050,1473,1512
142.9,45.18,99.71,45.18,0.19,1523,1050,1473,1512
143.0,42.89,99.7,42.89,0.18,1521,1050,1474,1512
143.1,42.89,99.7,42.89,0.18,1523,1050,1473,1512
143.2,40.58,99.68,40.58,0.17,1521,1050,1474,1512
143.3,40.58,99.68,40.58,0.17,1523,1050,1473,1512
143.4,40.58,99.68,40.58,0.17,1523,1050,1473,1512
143.5,38.27,99.66,38.27,0.16,1521,1050,1475,1512
143.6,38.27,99.66,38.27,0.16,1523,1050,1474,1512
143.7,35.95,99.65,35.95,0.14,1518,1050,1474,1511
143.8,35.95,99.65,35.95,0.14,1522,1050,1474,1512
143.9,35.95,99.65,35.95,0.14,1522,1050,1474,1512
144.0,33.64,99.63,33.64,0.13,1520,1050,1476,1512
144.1,33.64,99.63,33.64,0.13,1522,1050,1475,1512
144.2,31.34,99.65,31.34,0.12,1520,1050,1473,1512
144.3,31.34,99.65,31.34,0.12,1522,1050,1475,1512
144.4,31.34,99.65,31.34,0.12,1522,1050,1475,1512
144.5,29.04,99.69,29.04,0.11,1520,1073,1472,1512
144.6,29.04,99.69,29.04,0.11,1522,1050,1474,1512
144.7,26.75,99.74,26.75,0.11,1520,1106,1470,1512
144.8,26.75,99.74,26.75,0.11,1522,1050,1473,1512
144.9,26.75,99.74,26.75,0.11,1522,1050,1473,1512
145.0,24.48,99.78,24.48,0.1,1521,1138,1471,1512
145.1,24.48,99.78,24.48,0.1,1522,1050,1473,1512
145.2,22.23,99.84,22.23,0.1,1522,1166,1469,1512
145.3,22.23,99.84,22.23,0.1,1522,1050,1472,1512
145.4,22.23,99.84,22.23,0.1,1522,1050,1472,1512
145.5,19.98,99.98,19.98,0.1,1522,1199,1463,1512
145.6,19.98,99.98,19.98,0.1,1522,1050,1470,1512
145.7,17.76,100.11,17.76,0.1,1522,1227,1461,1512
145.8,17.76,100.11,17.76,0.1,1522,1050,1468,1512
145.9,17.76,100.11,17.76,0.1,1522,1050,1468,1512
146.0,15.57,100.16,15.57,0.1,1521,1254,1465,1512
146.1,15.57,100.16,15.57,0.1,1522,1050,1467,1512
146.2,13.42,100.2,13.41,0.11,1524,1280,1465,1513
146.3,13.42,100.2,13.41,0.11,1522,1050,1467,1512
146.4,13.42,100.2,13.41,0.11,1522,1050,1467,1512
146.5,11.3,100.25,11.3,0.12,1524,1303,1463,1513
146.6,11.3,100.25,11.3,0.12,1522,1050,1466,1513
146.7,9.24,100.34,9.24,0.12,1523,1323,1460,1514
146.8,9.24,100.34,9.24,0.12,1522,1050,1464,1513
146.9,9.24,100.34,9.24,0.12,1522,1050,1464,1513
147.0,7.2,100.4,7.2,0.12,1523,1350,1460,1515
147.1,7.2,100.4,7.2,0.12,1522,1050,1463,1514
147.2,5.22,100.46,5.22,0.13,1523,1368,1459,1517
147.3,5.22,100.46,5.22,0.13,1522,1050,1462,1515
147.4,5.22,100.46,5.22,0.13,1522,1050,1462,1515
147.5,3.28,100.55,3.28,0.12,1522,1388,1456,1522
147.6,3.28,100.55,3.28,0.12,1522,1050,1460,1517
147.7,1.39,100.61,1.39,0.13,1502,1857,1437,1544
147.8,1.39,100.61,1.39,0.13,1501,1478,1435,1524
147.9,1.39,100.61,1.39,0.13,1501,1478,1430,1524
148.0,0.47,100.65,-0.45,0.13,1502,1872,1422,1750
148.1,0.47,100.65,-0.45,0.13,1501,1506,1420,1750
148.2,2.15,100.68,-2.15,0.16,1509,1872,1433,1750
148.3,2.15,100.68,-2.15,0.16,1502,1532,1433,1750
148.4,2.15,100.68,-2.15,0.16,1502,1532,1433,1750
148.5,3.65,100.65,-3.59,0.65,1606,1843,1434,1750
148.6,3.65,100.65,-3.59,0.65,1509,1554,1433,1750
148.7,4.93,100.56,-4.22,2.55,1919,1689,1438,1750
148.8,4.93,100.56,-4.22,2.55,1538,1565,1433,1750
148.9,4.93,100.56,-4.22,2.55,1539,1565,1433,1750
149.0,6.03,100.42,-3.12,5.16,1950,1329,1442,1725
149.1,6.03,100.42,-3.12,5.16,1579,1549,1434,1750
149.2,6.95,100.25,-0.63,6.92,1950,1050,1445,1641
149.3,6.95,100.25,-0.63,6.92,1607,1512,1436,1750
149.4,6.95,100.25,-0.63,6.92,1607,1512,1436,1750
149.5,7.7,100.03,2.74,7.2,1666,1050,1450,1538
149.6,7.7,100.03,2.74,7.2,1613,1461,1438,1750
149.7,8.3,99.74,5.86,5.88,1330,1050,1457,1463
149.8,8.3,99.74,5.86,5.88,1594,1413,1442,1700
149.9,8.3,99.74,5.86,5.88,1595,1412,1442,1700
150.0,8.74,99.46,8.04,3.42,1067,1050,1460,1396
150.1,8.74,99.46,8.04,3.42,1559,1378,1446,1613
150.2,9.01,99.2,9.0,0.34,1050,1172,1463,1325
150.3,9.01,99.2,9.0,0.34,1513,1362,1449,1530
150.4,9.01,99.2,9.0,0.34,1513,1361,1449,1530
150.5,9.12,98.96,8.93,-1.83,1050,1374,1464,1342
150.6,9.12,98.96,8.93,-1.83,1480,1360,1453,1477
150.7,9.09,98.75,8.87,-2.0,1443,1374,1467,1461
150.8,9.09,98.75,8.87,-2.0,1477,1359,1456,1472
150.9,9.09,98.75,8.87,-2.0,1477,1359,1456,1472
151.0,8.94,98.53,8.84,-1.29,1630,1363,1470,1532
151.1,8.94,98.53,8.84,-1.29,1487,1357,1459,1489
151.2,8.7,98.32,8.69,-0.51,1654,1389,1472,1554
151.3,8.7,98.32,8.69,-0.51,1499,1358,1462,1508
151.4,8.7,98.32,8.69,-0.51,1499,1357,1462,1508
151.5,8.41,98.13,8.4,-0.34,1534,1418,1475,1517
151.6,8.41,98.13,8.4,-0.34,1501,1359,1465,1511
151.7,8.07,97.93,8.06,-0.49,1469,1433,1478,1490
151.8,8.07,97.93,8.06,-0.49,1499,1363,1468,1505
151.9,8.07,97.93,8.06,-0.49,1499,1362,1468,1505
152.0,7.69,97.78,7.67,-0.5,1497,1444,1479,1498
152.1,7.69,97.78,7.67,-0.5,1498,1366,1471,1503
152.2,7.27,97.64,7.27,-0.24,1553,1452,1480,1524
152.3,7.27,97.64,7.27,-0.24,1502,1371,1473,1509
152.4,7.27,97.64,7.27,-0.24,1502,1370,1474,1509
152.5,6.85,97.52,6.84,-0.15,1522,1461,1482,1515
152.6,6.85,97.52,6.84,-0.15,1504,1375,1476,1511
152.7,6.4,97.35,6.4,-0.06,1523,1471,1487,1517
152.8,6.4,97.35,6.4,-0.06,1505,1381,1479,1512
152.9,6.4,97.35,6.4,-0.06,1505,1380,1479,1512
153.0,5.93,97.21,5.93,0.03,1524,1479,1488,1520
153.1,5.93,97.21,5.93,0.03,1506,1386,1482,1515
153.2,5.46,97.1,5.46,0.1,1522,1487,1489,1522
153.3,5.46,97.1,5.46,0.1,1507,1392,1484,1517
153.4,5.46,97.1,5.46,0.1,1507,1391,1484,1517
153.5,4.99,97.01,4.99,0.17,1521,1492,1491,1524
153.6,4.99,97.01,4.99,0.17,1508,1397,1486,1519
153.7,4.52,96.91,4.52,0.23,1522,1498,1493,1528
153.8,4.52,96.91,4.52,0.23,1509,1404,1488,1521
153.9,4.52,96.91,4.52,0.23,1509,1403,1489,1521
154.0,4.06,96.83,4.05,0.21,1506,1503,1494,1517
154.1,4.06,96.83,4.05,0.21,1509,1409,1490,1520
154.2,3.61,96.79,3.6,0.28,1523,1507,1493,1533
154.3,3.61,96.79,3.6,0.28,1510,1415,1492,1524
154.4,3.16,96.78,3.14,0.33,1521,1513,1493,1538
154.5,3.16,96.78,3.14,0.33,1511,1422,1493,1528
154.6,3.16,96.78,3.14,0.33,1511,1421,1493,1528
154.7,2.72,96.79,2.7,0.33,1512,1516,1492,1532
154.8,2.72,96.79,2.7,0.33,1511,1427,1493,1529
154.9,2.3,96.87,2.27,0.34,1511,1519,1489,1536
155.0,2.3,96.87,2.27,0.34,1511,1433,1493,1531
155.1,2.3,96.87,2.27,0.34,1511,1433,1493,1531
155.2,1.89,96.97,1.86,0.36,1517,1522,1487,1550
155.3,1.89,96.97,1.86,0.36,1512,1439,1492,1536
155.4,1.51,97.08,1.47,0.36,1511,1523,1485,1551
155.5,1.51,97.08,1.47,0.36,1512,1445,1491,1541
155.6,1.51,97.08,1.47,0.36,1512,1444,1492,1541
155.7,1.16,97.24,1.09,0.38,1517,1525,1462,1582
155.8,1.16,97.24,1.09,0.38,1512,1450,1465,1552
155.9,0.86,97.39,0.75,0.42,1520,1523,1451,1638
156.0,0.86,97.39,0.75,0.42,1513,1455,1454,1577
156.1,0.86,97.39,0.75,0.42,1513,1455,1450,1577
156.2,0.64,97.54,0.44,0.47,1523,1521,1435,1750
156.3,0.64,97.54,0.44,0.47,1514,1459,1438,1635
156.4,0.57,97.62,0.19,0.54,1529,1513,1428,1750
156.5,0.57,97.62,0.19,0.54,1515,1463,1427,1750
156.6,0.57,97.62,0.19,0.54,1515,1463,1422,1750
156.7,0.67,97.65,0.03,0.67,1544,1497,1416,1750
156.8,0.67,97.65,0.03,0.67,1517,1465,1412,1750
156.9,0.87,97.62,0.11,0.86,1558,1449,1409,1750
157.0,0.87,97.62,0.11,0.86,1520,1464,1402,1750
157.1,0.87,97.62,0.11,0.86,1520,1464,1397,1750
157.2,1.09,97.5,0.42,1.0,1550,1397,1399,1651
157.3,1.09,97.5,0.42,1.0,1523,1459,1388,1750
157.4,1.3,97.28,0.86,0.97,1516,1365,1397,1540
157.5,1.3,97.28,0.86,0.97,1522,1453,1380,1737
157.6,1.3,97.28,0.86,0.97,1522,1453,1375,1737
157.7,1.48,96.96,1.28,0.75,1475,1362,1390,1467
157.8,1.48,96.96,1.28,0.75,1519,1446,1369,1660
157.9,1.65,96.51,1.61,0.36,1436,1374,1412,1399
158.0,1.65,96.51,1.61,0.36,1513,1441,1389,1585
158.1,1.65,96.51,1.61,0.36,1513,1440,1388,1585
158.2,1.65,96.51,1.65,-0.13,1409,1433,1387,1347
158.3,1.65,96.51,1.65,-0.13,1506,1440,1386,1517
158.4,1.65,96.51,1.61,-0.38,1451,1448,1385,1391
158.5,1.65,96.51,1.61,-0.38,1502,1440,1384,1481
158.6,1.65,96.51,1.61,-0.38,1502,1440,1383,1481
158.7,1.91,94.73,1.9,-0.16,1551,1377,1498,1570
158.8,1.91,94.73,1.9,-0.16,1506,1435,1409,1507
158.9,1.91,94.73,1.91,0.01,1541,1433,1408,1577
159.0,1.91,94.73,1.91,0.01,1508,1434,1408,1527
159.1,1.91,94.73,1.91,0.01,1508,1434,1407,1527
159.2,1.93,93.37,1.92,0.21,1552,1431,1496,1588
159.3,1.93,93.37,1.92,0.21,1511,1434,1427,1544
159.4,1.93,93.37,1.93,0.11,1489,1432,1427,1502
159.5,1.93,93.37,1.93,0.11,1510,1433,1426,1532
159.6,1.93,93.37,1.93,0.11,1510,1433,1426,1532
159.7,1.86,91.87,1.85,0.13,1514,1449,1523,1519
159.8,1.86,91.87,1.85,0.13,1510,1434,1448,1529
159.9,1.86,91.87,1.86,0.07,1496,1433,1449,1501
160.0,1.86,91.87,1.86,0.07,1509,1433,1449,1521
160.1,1.86,91.87,1.86,0.07,1509,1433,1449,1521
160.2,1.69,90.44,1.68,0.2,1538,1471,1542,1564
160.3,1.69,90.44,1.68,0.2,1511,1435,1470,1533
160.4,1.69,90.44,1.68,0.2,1511,1435,1471,1533
160.5,1.69,90.44,1.68,0.2,1511,1435,1471,1533
160.6,1.69,90.44,1.68,0.2,1511,1435,1471,1533
160.7,1.45,89.26,1.43,0.25,1521,1488,1530,1550
161.5,1.45,89.26,1.43,0.25,1512,1438,1466,1538
161.6,1.45,89.26,1.44,0.2,1501,1437,1462,1510
161.7,1.45,89.26,1.44,0.2,1511,1438,1458,1530
161.8,1.45,89.26,1.44,0.2,1511,1438,1453,1530
161.9,1.17,88.27,1.14,0.27,1526,1503,1513,1568
162.0,1.17,88.27,1.14,0.27,1512,1442,1460,1541
162.1,1.17,88.27,1.14,0.25,1508,1441,1456,1527
162.2,1.17,88.27,1.14,0.25,1512,1442,1451,1537
162.3,1.17,88.27,1.14,0.25,1512,1442,1447,1537
162.4,0.87,87.39,0.81,0.31,1525,1512,1500,1605
162.5,0.87,87.39,0.81,0.31,1513,1447,1452,1556
162.6,0.87,87.39,0.82,0.28,1507,1444,1447,1528
162.7,0.87,87.39,0.82,0.28,1513,1446,1443,1548
162.8,0.87,87.39,0.82,0.28,1513,1446,1438,1548
162.9,0.58,86.71,0.48,0.33,1525,1520,1478,1704
163.0,0.58,86.71,0.48,0.33,1514,1451,1440,1593
163.1,0.58,86.71,0.5,0.3,1506,1446,1435,1537
163.2,0.58,86.71,0.5,0.3,1513,1451,1430,1577
163.3,0.58,86.71,0.5,0.3,1513,1451,1426,1577
163.4,0.45,86.03,0.18,0.41,1538,1520,1465,1750
163.5,0.45,86.03,0.18,0.41,1515,1456,1427,1747
163.6,0.45,86.03,0.22,0.39,1511,1446,1422,1663
163.7,0.45,86.03,0.22,0.39,1515,1455,1417,1723
163.8,0.45,86.03,0.22,0.39,1515,1455,1412,1723
163.9,0.58,85.34,-0.0,0.58,1555,1503,1453,1750
164.0,0.58,85.34,-0.0,0.58,1518,1458,1413,1750
164.1,0.58,85.34,0.19,0.55,1511,1415,1408,1631
164.2,0.58,85.34,0.19,0.55,1517,1455,1403,1750
164.3,0.58,85.34,0.19,0.55,1517,1455,1398,1750
164.4,0.83,84.47,0.31,0.77,1564,1429,1450,1750
164.5,0.83,84.47,0.31,0.77,1521,1453,1402,1750
164.6,0.96,83.98,0.62,0.73,1514,1388,1429,1548
164.7,0.96,83.98,0.62,0.73,1520,1449,1399,1739
164.8,0.96,83.98,0.62,0.73,1521,1449,1394,1739
164.9,1.06,83.48,0.9,0.54,1480,1386,1422,1454
165.0,1.06,83.48,0.9,0.54,1518,1444,1392,1657
165.1,1.13,82.92,1.09,0.27,1458,1403,1423,1395
165.2,1.13,82.92,1.09,0.27,1514,1441,1390,1583
165.3,1.13,82.92,1.09,0.27,1514,1441,1385,1583
165.4,1.18,82.28,1.18,-0.01,1454,1423,1422,1366
165.5,1.18,82.28,1.18,-0.01,1510,1439,1384,1521
165.6,1.19,81.54,1.19,-0.09,1492,1437,1427,1447
165.7,1.19,81.54,1.19,-0.09,1508,1439,1385,1500
165.8,1.19,81.54,1.19,-0.09,1508,1439,1380,1500
165.9,1.19,80.77,1.19,-0.02,1523,1438,1425,1529
166.0,1.19,80.77,1.19,-0.02,1509,1439,1382,1508
166.1,1.18,79.96,1.17,0.13,1543,1444,1430,1597
166.2,1.18,79.96,1.17,0.13,1512,1439,1384,1534
166.3,1.18,79.96,1.17,0.13,1512,1439,1379,1534
166.4,1.13,79.11,1.11,0.22,1531,1450,1429,1581
166.5,1.13,79.11,1.11,0.22,1513,1439,1381,1547
166.6,1.09,78.23,1.07,0.23,1515,1449,1434,1541
166.7,1.09,78.23,1.07,0.23,1513,1440,1385,1545
166.8,1.09,78.23,1.07,0.23,1513,1440,1380,1545
166.9,1.03,77.31,1.01,0.21,1509,1453,1435,1516
167.0,1.03,77.31,1.01,0.21,1513,1440,1383,1537
167.1,0.95,76.36,0.93,0.22,1515,1457,1440,1537
167.2,0.95,76.36,0.93,0.22,1513,1441,1388,1537
167.3,0.95,76.36,0.93,0.22,1513,1441,1383,1537
167.4,0.88,75.38,0.84,0.24,1518,1459,1442,1553
167.5,0.88,75.38,0.84,0.24,1514,1442,1388,1541
167.6,0.8,74.36,0.75,0.29,1523,1462,1449,1583
167.7,0.8,74.36,0.75,0.29,1514,1444,1393,1553
167.8,0.8,74.36,0.75,0.29,1514,1443,1389,1553
167.9,0.72,73.36,0.65,0.31,1520,1465,1449,1592
168.0,0.72,73.36,0.65,0.31,1515,1445,1394,1564
168.1,0.64,72.4,0.56,0.31,1516,1464,1452,1588
168.2,0.64,72.4,0.56,0.31,1515,1446,1399,1571
168.3,0.64,72.4,0.56,0.31,1515,1446,1394,1571
168.4,0.57,71.47,0.47,0.33,1518,1465,1450,1633
168.5,0.57,71.47,0.47,0.33,1515,1447,1399,1589
168.6,0.53,70.53,0.39,0.35,1520,1464,1455,1699
168.7,0.53,70.53,0.39,0.35,1516,1448,1404,1620
168.8,0.53,70.53,0.39,0.35,1516,1448,1399,1620
168.9,0.5,69.6,0.33,0.38,1521,1462,1455,1750
169.0,0.5,69.6,0.33,0.38,1516,1449,1404,1668
169.1,0.5,68.65,0.3,0.4,1521,1455,1461,1750
169.2,0.5,68.65,0.3,0.4,1517,1450,1409,1721
169.3,0.5,68.65,0.3,0.4,1517,1450,1404,1721
169.4,0.52,67.73,0.31,0.42,1521,1448,1459,1750
169.5,0.52,67.73,0.31,0.42,1517,1449,1409,1750
169.6,0.57,66.84,0.4,0.41,1515,1430,1463,1685
169.7,0.57,66.84,0.4,0.41,1517,1448,1413,1734
169.8,0.57,66.84,0.4,0.41,1517,1448,1409,1734
169.9,0.63,65.97,0.52,0.35,1503,1421,1460,1559
170.0,0.63,65.97,0.52,0.35,1516,1446,1412,1684
170.1,0.68,65.11,0.64,0.23,1492,1420,1464,1475
170.2,0.68,65.11,0.64,0.23,1514,1444,1417,1624
170.3,0.68,65.11,0.64,0.23,1514,1444,1412,1624
170.4,0.73,64.25,0.72,0.12,1490,1428,1464,1450
170.5,0.73,64.25,0.72,0.12,1513,1443,1416,1575
170.6,0.76,63.39,0.76,0.04,1496,1434,1468,1459
170.7,0.76,63.39,0.76,0.04,1512,1442,1420,1542
170.8,0.76,62.57,0.76,0.06,1515,1441,1469,1530
170.9,0.76,62.57,0.76,0.06,1512,1442,1424,1538
171.0,0.76,62.57,0.76,0.06,1512,1442,1419,1538
171.1,0.76,61.73,0.74,0.15,1531,1445,1469,1600
171.2,0.76,61.73,0.74,0.15,1513,1442,1423,1556
171.3,0.74,60.92,0.7,0.23,1530,1451,1471,1616
171.4,0.74,60.92,0.7,0.23,1515,1442,1426,1573
171.5,0.74,60.92,0.7,0.23,1515,1442,1422,1573
171.6,0.71,60.13,0.66,0.26,1521,1450,1469,1581
171.7,0.71,60.13,0.66,0.26,1515,1443,1425,1576
171.8,0.68,59.37,0.64,0.24,1510,1449,1470,1527
171.9,0.68,59.37,0.64,0.24,1515,1443,1428,1562
172.0,0.68,59.37,0.64,0.24,1515,1443,1424,1562
172.1,0.63,58.65,0.58,0.24,1517,1454,1466,1557
172.2,0.63,58.65,0.58,0.24,1515,1444,1426,1560
172.3,0.6,57.95,0.53,0.28,1524,1456,1467,1603
172.4,0.6,57.95,0.53,0.28,1516,1444,1427,1573
172.5,0.6,57.95,0.53,0.28,1516,1444,1423,1573
172.6,0.56,57.26,0.46,0.32,1524,1458,1464,1638
172.7,0.56,57.26,0.46,0.32,1516,1445,1425,1591
172.8,0.53,56.6,0.39,0.35,1523,1459,1463,1679
172.9,0.53,56.6,0.39,0.35,1517,1446,1426,1616
173.0,0.53,56.6,0.39,0.35,1517,1446,1421,1616
173.1,0.52,55.92,0.36,0.37,1519,1453,1461,1696
173.2,0.52,55.92,0.36,0.37,1517,1446,1423,1639
173.3,0.52,55.23,0.35,0.38,1521,1450,1463,1750
173.4,0.52,55.23,0.35,0.38,1517,1447,1424,1675
173.5,0.52,55.23,0.35,0.38,1517,1447,1420,1675
173.6,0.54,54.57,0.37,0.39,1520,1442,1459,1750
173.7,0.54,54.57,0.37,0.39,1518,1446,1421,1702
173.8,0.57,53.9,0.42,0.38,1515,1434,1460,1712
173.9,0.57,53.9,0.42,0.38,1518,1445,1422,1705
174.0,0.57,53.9,0.42,0.38,1518,1445,1418,1705
174.1,0.61,53.19,0.51,0.34,1509,1426,1459,1626
174.2,0.61,53.19,0.51,0.34,1517,1444,1419,1683
174.3,0.65,52.51,0.6,0.25,1498,1424,1459,1535
174.4,0.65,52.51,0.6,0.25,1516,1442,1420,1640
174.5,0.65,52.51,0.6,0.25,1516,1442,1416,1640
174.6,0.68,51.84,0.66,0.18,1501,1431,1455,1528
174.7,0.68,51.84,0.66,0.18,1515,1441,1417,1608
174.8,0.7,51.19,0.68,0.15,1508,1435,1455,1541
174.9,0.7,51.19,0.68,0.15,1514,1441,1418,1589
175.0,0.7,51.19,0.68,0.15,1514,1441,1413,1589
175.1,0.7,50.59,0.68,0.17,1518,1440,1448,1575
175.2,0.7,50.59,0.68,0.17,1515,1440,1413,1585
175.3,0.7,49.97,0.67,0.21,1523,1444,1449,1595
175.4,0.7,49.97,0.67,0.21,1515,1441,1413,1588
175.5,0.7,49.97,0.67,0.21,1515,1441,1409,1588
175.6,0.69,49.34,0.65,0.24,1523,1445,1445,1593
175.7,0.69,49.34,0.65,0.24,1516,1441,1409,1589
175.8,0.67,48.68,0.63,0.24,1516,1444,1447,1552
175.9,0.67,48.68,0.63,0.24,1516,1441,1410,1579
176.0,0.67,48.68,0.63,0.24,1516,1441,1405,1579
176.1,0.65,48.02,0.6,0.26,1521,1448,1443,1570
176.2,0.65,48.02,0.6,0.26,1516,1441,1406,1576
176.3,0.64,47.32,0.56,0.3,1523,1448,1446,1585
176.4,0.64,47.32,0.56,0.3,1517,1442,1407,1579
176.5,0.64,47.32,0.56,0.3,1517,1441,1402,1579
176.6,0.62,46.59,0.52,0.35,1528,1452,1445,1623
176.7,0.62,46.59,0.52,0.35,1518,1442,1404,1592
176.8,0.61,45.86,0.48,0.38,1525,1451,1446,1634
176.9,0.61,45.86,0.48,0.38,1518,1443,1406,1604
177.0,0.61,45.86,0.48,0.38,1518,1443,1401,1604
177.1,0.61,45.14,0.45,0.41,1525,1448,1443,1659
177.2,0.61,45.14,0.45,0.41,1519,1443,1402,1620
177.3,0.62,44.43,0.44,0.43,1523,1443,1444,1676
177.4,0.62,44.43,0.44,0.43,1519,1443,1404,1636
177.5,0.62,44.43,0.44,0.43,1519,1443,1399,1636
177.6,0.63,43.74,0.45,0.44,1522,1441,1439,1718
177.7,0.63,43.74,0.45,0.44,1520,1443,1400,1659
177.8,0.66,43.02,0.49,0.44,1519,1434,1442,1714
177.9,0.66,43.02,0.49,0.44,1520,1442,1401,1675
178.0,0.66,43.02,0.49,0.44,1520,1442,1397,1675
178.1,0.69,42.31,0.56,0.41,1513,1428,1438,1675
178.2,0.69,42.31,0.56,0.41,1519,1441,1398,1675
178.3,0.72,41.58,0.64,0.32,1501,1422,1441,1591
178.4,0.72,41.58,0.64,0.32,1518,1439,1400,1651
178.5,0.72,41.58,0.64,0.32,1518,1439,1395,1651
178.6,0.75,40.84,0.71,0.25,1502,1425,1438,1570
178.7,0.75,40.84,0.71,0.25,1517,1438,1397,1627
178.8,0.77,40.13,0.74,0.2,1506,1431,1438,1568
178.9,0.77,40.13,0.74,0.2,1516,1438,1398,1611
179.0,0.77,40.13,0.74,0.2,1516,1437,1393,1611
179.1,0.77,39.42,0.75,0.18,1513,1435,1434,1582
179.2,0.77,39.42,0.75,0.18,1516,1437,1394,1602
179.3,0.76,38.69,0.73,0.2,1520,1441,1437,1602
179.4,0.76,38.69,0.73,0.2,1516,1437,1396,1602
179.5,0.76,38.69,0.73,0.2,1516,1437,1391,1602
179.6,0.74,37.93,0.72,0.19,1516,1441,1436,1573
179.7,0.74,37.93,0.72,0.19,1516,1437,1393,1594
179.8,0.71,37.15,0.68,0.2,1519,1444,1439,1573
179.9,0.71,37.15,0.68,0.2,1517,1438,1395,1588
180.0,0.71,37.15,0.68,0.2,1517,1438,1391,1588
180.1,0.69,36.33,0.66,0.22,1520,1443,1439,1571
180.2,0.69,36.33,0.66,0.22,1517,1438,1394,1583
180.3,0.66,35.51,0.61,0.25,1523,1447,1442,1577
180.4,0.66,35.51,0.61,0.25,1517,1438,1397,1581
180.5,0.66,35.51,0.61,0.25,1517,1438,1392,1581
180.6,0.64,34.7,0.58,0.28,1525,1446,1440,1589
180.7,0.64,34.7,0.58,0.28,1518,1439,1395,1584
180.8,0.63,33.88,0.53,0.34,1530,1448,1443,1616
180.9,0.63,33.88,0.53,0.34,1519,1439,1398,1593
181.0,0.63,33.88,0.53,0.34,1519,1439,1393,1593
181.1,0.62,33.08,0.5,0.37,1526,1448,1440,1619
181.2,0.62,33.08,0.5,0.37,1519,1440,1396,1600
181.3,0.62,32.24,0.47,0.41,1528,1446,1446,1646
181.4,0.62,32.24,0.47,0.41,1520,1440,1399,1614
181.5,0.62,32.24,0.47,0.41,1520,1440,1394,1614
181.6,0.63,31.37,0.46,0.43,1524,1441,1446,1648
181.7,0.63,31.37,0.46,0.43,1521,1440,1398,1623
181.8,0.65,30.48,0.47,0.45,1525,1439,1452,1693
181.9,0.65,30.48,0.47,0.45,1521,1440,1402,1643
182.0,0.65,30.48,0.47,0.45,1521,1440,1398,1643
182.1,0.68,29.59,0.5,0.47,1524,1433,1451,1707
182.2,0.68,29.59,0.5,0.47,1521,1439,1402,1662
182.3,0.71,28.69,0.55,0.45,1517,1429,1456,1695
182.4,0.71,28.69,0.55,0.45,1521,1438,1407,1671
182.5,0.71,28.69,0.55,0.45,1521,1438,1402,1671
182.6,0.73,27.75,0.62,0.4,1511,1423,1459,1651
182.7,0.73,27.75,0.62,0.4,1521,1437,1407,1665
182.8,0.77,26.82,0.7,0.33,1506,1420,1463,1599
182.9,0.77,26.82,0.7,0.33,1520,1436,1412,1646
183.0,0.77,26.82,0.7,0.33,1520,1436,1408,1646
183.1,0.78,25.96,0.74,0.26,1505,1427,1459,1584
183.2,0.78,25.96,0.74,0.26,1519,1435,1412,1629
183.3,0.79,25.13,0.76,0.22,1510,1429,1461,1580
183.4,0.79,25.13,0.76,0.22,1518,1434,1415,1615
183.5,0.79,25.13,0.76,0.22,1518,1434,1411,1615
183.6,0.78,24.36,0.75,0.2,1514,1436,1457,1582
183.7,0.78,24.36,0.75,0.2,1518,1434,1414,1605
183.8,0.76,23.61,0.73,0.21,1520,1439,1459,1590
183.9,0.76,23.61,0.73,0.21,1518,1435,1416,1601
184.0,0.76,23.61,0.73,0.21,1518,1434,1412,1601
184.1,0.75,22.85,0.71,0.23,1522,1439,1457,1584
184.2,0.75,22.85,0.71,0.23,1518,1435,1414,1596
184.3,0.72,22.04,0.68,0.23,1520,1442,1463,1570
184.4,0.72,22.04,0.68,0.23,1519,1435,1418,1589
184.5,0.72,22.04,0.68,0.23,1519,1435,1414,1589
184.6,0.7,21.25,0.65,0.26,1524,1441,1460,1579
184.7,0.7,21.25,0.65,0.26,1519,1435,1417,1586
184.8,0.68,20.43,0.61,0.3,1528,1444,1466,1590
184.9,0.68,20.43,0.61,0.3,1520,1436,1420,1587
185.0,0.68,20.43,0.61,0.3,1520,1436,1416,1587
185.1,0.66,19.61,0.57,0.34,1528,1445,1464,1600
185.2,0.66,19.61,0.57,0.34,1520,1436,1419,1591
185.3,0.64,18.86,0.51,0.38,1529,1448,1464,1626
185.4,0.64,18.86,0.51,0.38,1521,1437,1422,1601
185.5,0.64,18.86,0.51,0.38,1521,1437,1418,1601
185.6,0.63,18.11,0.47,0.43,1532,1446,1462,1662
185.7,0.63,18.11,0.47,0.43,1522,1437,1420,1618
185.8,0.64,17.4,0.43,0.47,1531,1445,1462,1709
185.9,0.64,17.4,0.43,0.47,1523,1438,1422,1644
186.0,0.64,17.4,0.43,0.47,1523,1438,1418,1644
186.1,0.67,16.71,0.44,0.51,1530,1436,1458,1730
186.2,0.67,16.71,0.44,0.51,1523,1438,1419,1669
186.3,0.7,16.04,0.48,0.51,1525,1430,1459,1735
186.4,0.7,16.04,0.48,0.51,1523,1437,1421,1687
186.5,0.74,15.36,0.56,0.48,1517,1419,1460,1686
186.6,0.74,15.36,0.56,0.48,1523,1436,1422,1687
186.7,0.74,15.36,0.56,0.48,1523,1436,1418,1687
186.8,0.78,14.7,0.67,0.4,1506,1412,1457,1608
186.9,0.78,14.7,0.67,0.4,1522,1434,1419,1664
187.0,0.82,14.02,0.76,0.31,1503,1414,1458,1572
187.1,0.82,14.02,0.76,0.31,1521,1432,1420,1638
187.2,0.82,14.02,0.76,0.31,1521,1432,1416,1638
187.3,0.84,13.36,0.8,0.25,1509,1424,1455,1580
187.4,0.84,13.36,0.8,0.25,1520,1431,1417,1621
187.5,0.85,12.68,0.82,0.22,1513,1426,1456,1576
187.6,0.85,12.68,0.82,0.22,1520,1431,1418,1608
187.7,0.85,12.68,0.82,0.22,1520,1431,1414,1608
187.8,0.84,12.0,0.81,0.23,1522,1433,1454,1597
188.0,0.84,12.0,0.81,0.23,1520,1431,1415,1605
188.1,0.83,11.3,0.8,0.23,1519,1434,1456,1576
188.2,0.83,11.3,0.8,0.23,1520,1431,1417,1597
188.3,0.83,11.3,0.8,0.23,1520,1431,1412,1597
188.4,0.81,10.6,0.77,0.24,1522,1437,1453,1574
188.5,0.81,10.6,0.77,0.24,1520,1431,1414,1590
188.6,0.78,9.88,0.73,0.27,1525,1439,1456,1578
188.7,0.78,9.88,0.73,0.27,1520,1432,1416,1587
188.8,0.78,9.88,0.73,0.27,1520,1431,1411,1587
188.9,0.74,9.15,0.68,0.29,1526,1442,1454,1579
189.0,0.74,9.15,0.68,0.29,1521,1432,1413,1585
189.1,0.71,8.46,0.63,0.33,1528,1443,1454,1589
189.2,0.71,8.46,0.63,0.33,1521,1433,1414,1586
189.3,0.71,8.46,0.63,0.33,1522,1433,1410,1586
189.4,0.68,7.78,0.56,0.38,1534,1447,1450,1628
189.5,0.68,7.78,0.56,0.38,1522,1434,1411,1598
189.6,0.67,7.13,0.51,0.43,1532,1445,1449,1641
189.7,0.67,7.13,0.51,0.43,1523,1434,1412,1610
189.8,0.67,7.13,0.51,0.43,1523,1434,1407,1610
189.9,0.67,6.41,0.48,0.47,1532,1440,1449,1661
190.0,0.67,6.41,0.48,0.47,1524,1434,1409,1625
190.1,0.69,5.65,0.47,0.51,1533,1438,1454,1713
190.2,0.69,5.65,0.47,0.51,1525,1435,1411,1650
190.3,0.69,5.65,0.47,0.51,1525,1435,1407,1650
190.4,0.72,4.94,0.49,0.53,1529,1429,1448,1721
190.5,0.72,4.94,0.49,0.53,1525,1434,1408,1670
190.6,0.76,4.21,0.55,0.52,1525,1422,1452,1715
190.7,0.76,4.21,0.55,0.52,1525,1433,1410,1683
190.8,0.76,4.21,0.55,0.52,1525,1433,1406,1683
190.9,0.8,3.5,0.64,0.48,1515,1414,1447,1668
191.0,0.8,3.5,0.64,0.48,1525,1432,1407,1679
191.1,0.82,2.79,0.73,0.39,1505,1412,1449,1600
191.2,0.82,2.79,0.73,0.39,1523,1430,1409,1656
191.3,0.82,2.79,0.73,0.39,1523,1430,1404,1656
191.4,0.86,2.06,0.81,0.3,1504,1413,1447,1566
191.5,0.86,2.06,0.81,0.3,1522,1429,1406,1630
191.6,0.88,1.3,0.85,0.24,1510,1421,1451,1569
191.7,0.88,1.3,0.85,0.24,1521,1428,1408,1613
191.8,0.88,1.3,0.85,0.24,1521,1428,1404,1613
191.9,0.87,0.52,0.84,0.21,1515,1429,1450,1576
192.0,0.87,0.52,0.84,0.21,1521,1428,1406,1602
